week,vendor,snap_total,dufb_total,wdfm_total,reported_sales
1_11_2025,Alba's Pupusas,0,0,168,268
1_11_2025,ATX Jerky,0,0,1,419
1_11_2025,Audrey's Pawstries,0,0,0,225
1_11_2025,Bonnet Farm,10,57,0,600
1_11_2025,Brazos Valley Cheese,0,0,0,1077
1_11_2025,Cha Community,0,0,10,655
1_11_2025,Chapultepec Farm,12,0,0,1132
1_11_2025,Chef Flaco's Salsa,33,0,0,800
1_11_2025,Don't Eat Beads,0,0,0,373
1_11_2025,Dresden Specialty Meats,0,0,0,950
1_11_2025,Fruits of Life,0,0,0,292
1_11_2025,Foundations Farm,0,0,0,174
1_11_2025,Hanhart Homestead,0,0,0,100
1_11_2025,Hay Ewe Ranch LLC,0,8,0,52
1_11_2025,Heritage Coffee,0,0,0,561
1_11_2025,Heritage Food Crafters,19,0,0,300
1_11_2025,Home Fries Cafe,0,0,10,274
1_11_2025,Hutto Soap & Candle Co,0,0,0,297
1_11_2025,Iron Bridge Coffee,0,0,0,330
1_11_2025,Katharos Baking Co,23,0,0,700
1_11_2025,Kurbside Coffee,0,0,0,295
1_11_2025,Luna Clean Food Cafe,8,0,0,320
1_11_2025,Macabre Maven,10,0,0,149
1_11_2025,Mike's Makes,0,0,0,468
1_11_2025,Muchos Tacos,0,0,0,1200
1_11_2025,No Label Mushrooms,17,22,0,596
1_11_2025,Norma's Florals,0,0,0,287
1_11_2025,Ohana Freeze Dried Market,10,0,0,585
1_11_2025,Pink Cheeks Studio,0,0,0,450
1_11_2025,Quesadilla Factory,0,0,15,425
1_11_2025,Rancho Martinez Kitchen,0,0,0,575
1_11_2025,Remedy Design Shop,0,0,0,230
1_11_2025,Rocky Gutter Homestead,0,0,0,650
1_11_2025,Round Rock Honey,0,0,0,350
1_11_2025,Sweet & Sourdough,61,0,0,573
1_11_2025,TLC Farms,0,0,0,500
1_11_2025,Tres Manos Coffee,0,0,0,345
1_11_2025,Valley Mills Vineyards,0,0,0,204
1_11_2025,World Hunger Relief,15,30,0,804
1_11_2025,Yallatizers,24,0,0,1100
1_11_2025,Yield Here Farms,0,0,0,166
1_18_2025,Alba's Pupusas,0,0,179,404
1_18_2025,Alili Bold Accessories,0,0,0,160
1_18_2025,ATX Jerky,14,0,0,1120
1_18_2025,Audrey's Pawstries,0,0,0,240
1_18_2025,Bonnet Farm,16,100,42,750
1_18_2025,Brazos Valley Cheese,15,0,0,1988
1_18_2025,Cha Community,0,0,0,763
1_18_2025,Chapultepec Farm,12,0,0,1096
1_18_2025,Chef Flaco's Salsa,0,0,0,800
1_18_2025,Churros la Catrina,14,0,0,800
1_18_2025,Copperhead Creek Jewelry,0,0,0,295
1_18_2025,Don't Eat Beads,0,0,0,151
1_18_2025,Fruits of Life,0,0,0,444
1_18_2025,For Keeps Coffee,0,0,0,484
1_18_2025,Foundations Farm,0,0,0,240
1_18_2025,Handmade Waco,0,0,0,326
1_18_2025,Hanhart Homestead,0,0,0,115
1_18_2025,Hay Ewe Ranch LLC,0,24,0,62
1_18_2025,Heritage Coffee,0,0,0,954
1_18_2025,Heritage Food Crafters,0,0,0,900
1_18_2025,Home Fries Cafe,0,0,0,342
1_18_2025,Iron Bridge Coffee,0,0,0,270
1_18_2025,Jolee French Art,0,0,0,235
1_18_2025,Katharos Baking Co,0,0,0,750
1_18_2025,Knots with Sofia,0,0,0,84
1_18_2025,Kurbside Coffee,0,0,0,645
1_18_2025,Little Threads by Emily,0,0,0,175
1_18_2025,Luna Clean Food Cafe,0,0,0,370
1_18_2025,Mama D's Pickles and Jams,19,0,106,250
1_18_2025,Mike's Makes,32,0,0,337
1_18_2025,Muchos Tacos,0,0,0,2430
1_18_2025,the New Plate,0,0,0,384
1_18_2025,No Label Mushrooms,8,61,0,925
1_18_2025,Ohana Freeze Dried Market,0,0,0,846
1_18_2025,Passion Gardens,0,0,16,125
1_18_2025,Quesadilla Factory,0,0,0,1170
1_18_2025,Rancho Martinez Kitchen,0,0,0,600
1_18_2025,Remedy Design Shop,0,0,0,720
1_18_2025,Rocky Gutter Homestead,10,0,0,870
1_18_2025,Round Rock Honey,0,0,0,400
1_18_2025,Shar's Plants & Jewelry,0,0,0,246
1_18_2025,Southern Sisters Soaps,0,0,0,670
1_18_2025,Sweet & Sourdough,91,0,0,543
1_18_2025,Teresita's Birria,0,0,0,300
1_18_2025,TLC Farms,0,0,0,650
1_18_2025,Valley Mills Vineyards,0,0,0,456
1_18_2025,Violette Bakery,0,0,0,500
1_18_2025,Whiskey Hill Turnings,0,0,0,683
1_18_2025,World Hunger Relief,0,44,0,792
1_18_2025,Yallatizers,0,0,0,1800
1_18_2025,Yield Here Farms,0,0,0,164
1_25_2025,Alba's Pupusas,0,0,266,466
1_25_2025,Alili Bold Accessories,0,0,0,105
1_25_2025,ATX Jerky,23,0,0,598
1_25_2025,Audrey's Pawstries,0,0,0,0
1_25_2025,Brazos Valley Cheese,30,0,0,1867
1_25_2025,Cha Community,0,0,0,521
1_25_2025,Chapultepec Farm,0,0,0,822
1_25_2025,Chef Flaco's Salsa,0,0,0,900
1_25_2025,Don't Eat Beads,0,0,0,185
1_25_2025,Dresden Specialty Meats,0,0,0,1700
1_25_2025,Fruits of Life,0,0,0,346
1_25_2025,For Keeps Coffee,0,0,0,358
1_25_2025,Foundations Farm,25,0,0,342
1_25_2025,Handmade Waco,0,0,0,327
1_25_2025,Hanhart Homestead,0,0,0,100
1_25_2025,Hay Ewe Ranch LLC,0,0,0,116
1_25_2025,Heritage Coffee,0,0,0,783
1_25_2025,Heritage Food Crafters,0,0,0,915
1_25_2025,Home Fries Cafe,0,0,10,400
1_25_2025,Hutto Soap & Candle Co,0,0,0,641
1_25_2025,Iron Bridge Coffee,0,0,0,241
1_25_2025,Katharos Baking Co,16,0,0,915
1_25_2025,Kurbside Coffee,0,0,3,641
1_25_2025,Little Bexar Farm,11,43,0,1750
1_25_2025,Luna Clean Food Cafe,0,0,5,430
1_25_2025,Macabre Maven,10,0,0,219
1_25_2025,Mike's Makes,0,0,0,925
1_25_2025,The Moody Goat,0,0,0,360
1_25_2025,Muchos Tacos,0,0,0,2200
1_25_2025,the New Plate,0,0,0,318
1_25_2025,No Label Mushrooms,0,46,0,944
1_25_2025,Norma's Florals,0,0,0,208
1_25_2025,Ohana Freeze Dried Market,0,0,0,890
1_25_2025,Passion Gardens,0,0,0,150
1_25_2025,Quesadilla Factory,0,0,0,1175
1_25_2025,Rancho Martinez Kitchen,0,0,0,482
1_25_2025,Remedy Design Shop,0,0,0,420
1_25_2025,Rocky Gutter Homestead,7,0,30,1175
1_25_2025,Round Rock Honey,35,0,0,380
1_25_2025,Shar's Plants & Jewelry,0,0,0,269
1_25_2025,Southern Sisters Soaps,0,0,0,0
1_25_2025,Teresita's Birria,0,0,0,307
1_25_2025,TLC Farms,0,0,0,600
1_25_2025,Tres Manos Coffee,0,0,0,501
1_25_2025,Valley Mills Vineyards,0,0,0,220
1_25_2025,Violette Bakery,0,0,0,495
1_25_2025,VJ Farms,0,0,0,260
1_25_2025,World Hunger Relief,0,75,0,667
1_25_2025,Yallatizers,0,0,0,1800
1_25_2025,Yield Here Farms,0,0,0,236
1_4_2025,Alba's Pupusas,0,0,176,376
1_4_2025,ATX Jerky,0,0,0,1111
1_4_2025,Audrey's Pawstries,0,0,0,300
1_4_2025,Bonnet Farm,38,30,0,650
1_4_2025,Brazos Valley Cheese,0,0,0,1700
1_4_2025,Cha Community,0,0,0,777
1_4_2025,Chapultepec Farm,15,0,0,839
1_4_2025,Chef Flaco's Salsa,0,0,0,900
1_4_2025,Churros la Catrina,0,0,0,995
1_4_2025,Don't Eat Beads,0,0,0,313
1_4_2025,Dresden Specialty Meats,0,0,55,1500
1_4_2025,Flora House,0,0,0,370
1_4_2025,Fruits of Life,0,0,0,377
1_4_2025,Hanhart Homestead,15,0,0,277
1_4_2025,Hay Ewe Ranch LLC,0,0,10,114
1_4_2025,Heritage Coffee,0,0,0,673
1_4_2025,Heritage Food Crafters,0,0,0,557
1_4_2025,Home Fries Cafe,0,0,0,0
1_4_2025,Hutto Soap & Candle Co,0,0,0,446
1_4_2025,Katharos Baking Co,5,0,0,700
1_4_2025,Kurbside Coffee,0,0,0,485
1_4_2025,Le's Kitchen,0,0,0,483
1_4_2025,Luna Clean Food Cafe,0,0,0,280
1_4_2025,Mike's Makes,0,0,0,360
1_4_2025,Muchos Tacos,0,0,0,1200
1_4_2025,No Label Mushrooms,15,74,0,865
1_4_2025,Ohana Freeze Dried Market,6,0,0,972
1_4_2025,Passion Gardens,0,0,0,250
1_4_2025,Quesadilla Factory,0,0,0,1105
1_4_2025,Remedy Design Shop,0,0,0,530
1_4_2025,Rocky Gutter Homestead,20,0,22,1025
1_4_2025,Round Rock Honey,0,0,0,400
1_4_2025,Shar's Plants & Jewelry,0,0,0,200
1_4_2025,TLC Farms,0,0,0,750
1_4_2025,Tres Manos Coffee,0,0,6,417
1_4_2025,Valley Mills Vineyards,0,0,0,254
1_4_2025,Violette Bakery,54,0,3,610
1_4_2025,VJ Farms,0,0,0,405
1_4_2025,World Hunger Relief,0,0,10,817
1_4_2025,Yallatizers,33,0,0,1700
1_4_2025,Yield Here Farms,0,33,0,262
02_15_2025,Alba's Pupusas,0,0,100,200
02_15_2025,Alili Bold Accessories,0,0,0,140
02_15_2025,Anthem Stories,0,0,0,55
02_15_2025,ATX Jerky,58,0,0,766
02_15_2025,Audrey's Pawstries,0,0,0,0
02_15_2025,Bonnet Farm,7,37,0,700
02_15_2025,Bud's Lemonade,0,0,10,321
02_15_2025,Brazos Valley Cheese,0,0,0,2150
02_15_2025,Broken Grain Baking Co.,64,0,0,1500
02_15_2025,C323 Woodworking,0,0,0,600
02_15_2025,Cha Community,0,0,0,0
02_15_2025,Chapultepec Farm,0,0,0,523
02_15_2025,Chef Flaco's Salsa,0,0,0,800
02_15_2025,Churros la Catrina,0,0,0,950
02_15_2025,Copperhead Creek Jewelry,0,0,0,330
02_15_2025,Don't Eat Beads,0,0,0,220
02_15_2025,Dresden Specialty Meats,0,0,0,800
02_15_2025,Flora House,0,0,0,325
02_15_2025,Fruits of Life,0,0,0,173
02_15_2025,For Keeps Coffee,0,0,0,203
02_15_2025,Foundations Farm,22,0,0,275
02_15_2025,Hay Ewe Ranch LLC,0,0,0,38
02_15_2025,Heritage Coffee,0,0,0,801
02_15_2025,Heritage Food Crafters,0,0,0,835
02_15_2025,Home Fries Cafe,0,0,0,0
02_15_2025,Hutto Soap & Candle Co,0,0,0,180
02_15_2025,Iron Bridge Coffee,0,0,0,290
02_15_2025,Katharos Baking Co,0,0,0,625
02_15_2025,Knots with Sofia,0,0,0,0
02_15_2025,Kurbside Coffee,0,0,0,456
02_15_2025,Little Bexar Farm,0,87,0,1500
02_15_2025,Luna Clean Food Cafe,0,0,0,420
02_15_2025,Macabre Maven,0,0,0,161
02_15_2025,Mama D's Pickles and Jams,49,0,75,250
02_15_2025,Mike's Makes,5,0,0,650
02_15_2025,The Moody Goat,0,0,30,180
02_15_2025,Muchos Tacos,0,0,20,2258
02_15_2025,No Label Mushrooms,0,0,0,1216
02_15_2025,Norma's Florals,0,0,0,240
02_15_2025,Ohana Freeze Dried Market,0,0,0,522
02_15_2025,Passion Gardens,0,0,0,200
02_15_2025,Quesadilla Factory,0,0,0,850
02_15_2025,Rancho Martinez Kitchen,0,0,10,670
02_15_2025,Remedy Design Shop,0,0,0,500
02_15_2025,Rocky Gutter Homestead,0,0,0,675
02_15_2025,Round Rock Honey,7,0,0,384
02_15_2025,Shar's Plants & Jewelry,0,0,0,204
02_15_2025,Sison Tacos,0,0,0,400
02_15_2025,Southern Sisters Soaps,0,0,0,652
02_15_2025,Symphony Candle Co.,0,0,0,205
02_15_2025,Teresita's Birria,0,0,0,500
02_15_2025,TLC Farms,0,0,0,625
02_15_2025,Tres Manos Coffee,0,0,13,448
02_15_2025,Valley Mills Vineyards,0,0,0,465
02_15_2025,World Hunger Relief,0,17,0,639
02_15_2025,Yallatizers,8,0,15,1600
02_15_2025,Yield Here Farms,0,0,0,100
02_15_2025,Zandartistry,0,0,0,410
02_15_2025,Alba's Pupusas,0,0,100,200
02_15_2025,Alili Bold Accessories,0,0,0,140
02_15_2025,Anthem Stories,0,0,0,55
02_15_2025,ATX Jerky,58,0,0,766
02_15_2025,Audrey's Pawstries,0,0,0,0
02_15_2025,Bonnet Farm,7,37,0,700
02_15_2025,Bud's Lemonade,0,0,10,321
02_15_2025,Brazos Valley Cheese,0,0,0,2150
02_15_2025,Broken Grain Baking Co.,64,0,0,1500
02_15_2025,C323 Woodworking,0,0,0,600
02_15_2025,Cha Community,0,0,0,0
02_15_2025,Chapultepec Farm,0,0,0,523
02_15_2025,Chef Flaco's Salsa,0,0,0,800
02_15_2025,Churros la Catrina,0,0,0,950
02_15_2025,Copperhead Creek Jewelry,0,0,0,330
02_15_2025,Don't Eat Beads,0,0,0,220
02_15_2025,Dresden Specialty Meats,0,0,0,800
02_15_2025,Flora House,0,0,0,325
02_15_2025,Fruits of Life,0,0,0,173
02_15_2025,For Keeps Coffee,0,0,0,203
02_15_2025,Foundations Farm,22,0,0,275
02_15_2025,Hay Ewe Ranch LLC,0,0,0,38
02_15_2025,Heritage Coffee,0,0,0,801
02_15_2025,Heritage Food Crafters,0,0,0,835
02_15_2025,Home Fries Cafe,0,0,0,0
02_15_2025,Hutto Soap & Candle Co,0,0,0,180
02_15_2025,Iron Bridge Coffee,0,0,0,290
02_15_2025,Katharos Baking Co,0,0,0,625
02_15_2025,Knots with Sofia,0,0,0,0
02_15_2025,Kurbside Coffee,0,0,0,456
02_15_2025,Little Bexar Farm,0,87,0,1500
02_15_2025,Luna Clean Food Cafe,0,0,0,420
02_15_2025,Macabre Maven,0,0,0,161
02_15_2025,Mama D's Pickles and Jams,49,0,75,250
02_15_2025,Mike's Makes,5,0,0,650
02_15_2025,The Moody Goat,0,0,30,180
02_15_2025,Muchos Tacos,0,0,20,2258
02_15_2025,No Label Mushrooms,0,0,0,1216
02_15_2025,Norma's Florals,0,0,0,240
02_15_2025,Ohana Freeze Dried Market,0,0,0,522
02_15_2025,Passion Gardens,0,0,0,200
02_15_2025,Quesadilla Factory,0,0,0,850
02_15_2025,Rancho Martinez Kitchen,0,0,10,670
02_15_2025,Remedy Design Shop,0,0,0,500
02_15_2025,Rocky Gutter Homestead,0,0,0,675
02_15_2025,Round Rock Honey,7,0,0,384
02_15_2025,Shar's Plants & Jewelry,0,0,0,204
02_15_2025,Sison Tacos,0,0,0,400
02_15_2025,Southern Sisters Soaps,0,0,0,652
02_15_2025,Symphony Candle Co.,0,0,0,205
02_15_2025,Teresita's Birria,0,0,0,500
02_15_2025,TLC Farms,0,0,0,625
02_15_2025,Tres Manos Coffee,0,0,13,448
02_15_2025,Valley Mills Vineyards,0,0,0,465
02_15_2025,World Hunger Relief,0,17,0,639
02_15_2025,Yallatizers,8,0,15,1600
02_15_2025,Yield Here Farms,0,0,0,100
02_15_2025,Zandartistry,0,0,0,410
2_1_2025,Alba's Pupusas,0,0,195,415
2_1_2025,Alili Bold Accessories,0,0,0,105
2_1_2025,Anthem Stories,0,0,0,364.2
2_1_2025,ATX Jerky,0,0,0,1392
2_1_2025,Audrey's Pawstries,0,0,0,315
2_1_2025,Bonnet Farm,12,34,15,800
2_1_2025,Brazos Valley Cheese,0,0,0,2500
2_1_2025,Broken Grain Baking Co.,71,0,0,1850
2_1_2025,Cha Community,0,0,25,1200
2_1_2025,Chapultepec Farm,224,0,0,1269
2_1_2025,Chef Flaco's Salsa,0,0,0,900
2_1_2025,Churros la Catrina,0,0,0,1000
2_1_2025,Don't Eat Beads,0,0,0,156
2_1_2025,Dresden Specialty Meats,87,0,0,1600
2_1_2025,Flora House,0,0,0,675
2_1_2025,Fruits of Life,0,0,2,516
2_1_2025,For Keeps Coffee,0,0,0,370
2_1_2025,Foundations Farm,24,0,0,303
2_1_2025,Hanhart Homestead,0,0,0,200
2_1_2025,Hay Ewe Ranch LLC,0,8,0,72
2_1_2025,Heritage Coffee,0,0,0,975
2_1_2025,Heritage Food Crafters,0,0,0,1000
2_1_2025,Home Fries Cafe,0,0,0,498
2_1_2025,Hutto Soap & Candle Co,0,0,0,615
2_1_2025,Iron Bridge Coffee,0,0,0,410
2_1_2025,Kurbside Coffee,0,0,0,709
2_1_2025,Luna Clean Food Cafe,0,0,0,580
2_1_2025,Macabre Maven,0,0,0,166
2_1_2025,Mama D's Pickles and Jams,7,0,83,340
2_1_2025,Mike's Makes,0,0,0,0
2_1_2025,The Moody Goat,0,0,0,295
2_1_2025,Muchos Tacos,0,0,0,2800
2_1_2025,Newton's Luxe Pantry,0,0,0,642
2_1_2025,No Label Mushrooms,0,34,0,1252
2_1_2025,Norma's Florals,0,0,0,331
2_1_2025,Ohana Freeze Dried Market,25,0,0,991
2_1_2025,Passion Gardens,0,0,0,200
2_1_2025,Quesadilla Factory,0,0,20,1700
2_1_2025,Remedy Design Shop,0,0,0,2400
2_1_2025,Rocky Gutter Homestead,0,0,0,1150
2_1_2025,Round Rock Honey,0,0,22,275
2_1_2025,Shar's Plants & Jewelry,0,0,0,322
2_1_2025,Sison Tacos,0,0,31,590
2_1_2025,Southern Sisters Soaps,0,0,0,854
2_1_2025,TLC Farms,0,0,0,1150
2_1_2025,Tres Manos Coffee,0,0,8,336
2_1_2025,Valley Mills Vineyards,0,0,0,326
2_1_2025,Violette Bakery,0,0,0,700
2_1_2025,World Hunger Relief,0,4,0,511
2_1_2025,Yallatizers,39,0,0,2000
2_1_2025,Yield Here Farms,0,0,0,100
2_1_2025,Alba's Pupusas,0,0,195,415
2_1_2025,Alili Bold Accessories,0,0,0,105
2_1_2025,Anthem Stories,0,0,0,364.2
2_1_2025,ATX Jerky,0,0,0,1392
2_1_2025,Audrey's Pawstries,0,0,0,315
2_1_2025,Bonnet Farm,12,34,15,800
2_1_2025,Brazos Valley Cheese,0,0,0,2500
2_1_2025,Broken Grain Baking Co.,71,0,0,1850
2_1_2025,Cha Community,0,0,25,1200
2_1_2025,Chapultepec Farm,224,0,0,1269
2_1_2025,Chef Flaco's Salsa,0,0,0,900
2_1_2025,Churros la Catrina,0,0,0,1000
2_1_2025,Don't Eat Beads,0,0,0,156
2_1_2025,Dresden Specialty Meats,87,0,0,1600
2_1_2025,Flora House,0,0,0,675
2_1_2025,Fruits of Life,0,0,2,516
2_1_2025,For Keeps Coffee,0,0,0,370
2_1_2025,Foundations Farm,24,0,0,303
2_1_2025,Hanhart Homestead,0,0,0,200
2_1_2025,Hay Ewe Ranch LLC,0,8,0,72
2_1_2025,Heritage Coffee,0,0,0,975
2_1_2025,Heritage Food Crafters,0,0,0,1000
2_1_2025,Home Fries Cafe,0,0,0,498
2_1_2025,Hutto Soap & Candle Co,0,0,0,615
2_1_2025,Iron Bridge Coffee,0,0,0,410
2_1_2025,Kurbside Coffee,0,0,0,709
2_1_2025,Luna Clean Food Cafe,0,0,0,580
2_1_2025,Macabre Maven,0,0,0,166
2_1_2025,Mama D's Pickles and Jams,7,0,83,340
2_1_2025,Mike's Makes,0,0,0,0
2_1_2025,The Moody Goat,0,0,0,295
2_1_2025,Muchos Tacos,0,0,0,2800
2_1_2025,Newton's Luxe Pantry,0,0,0,642
2_1_2025,No Label Mushrooms,0,34,0,1252
2_1_2025,Norma's Florals,0,0,0,331
2_1_2025,Ohana Freeze Dried Market,25,0,0,991
2_1_2025,Passion Gardens,0,0,0,200
2_1_2025,Quesadilla Factory,0,0,20,1700
2_1_2025,Remedy Design Shop,0,0,0,2400
2_1_2025,Rocky Gutter Homestead,0,0,0,1150
2_1_2025,Round Rock Honey,0,0,22,275
2_1_2025,Shar's Plants & Jewelry,0,0,0,322
2_1_2025,Sison Tacos,0,0,31,590
2_1_2025,Southern Sisters Soaps,0,0,0,854
2_1_2025,TLC Farms,0,0,0,1150
2_1_2025,Tres Manos Coffee,0,0,8,336
2_1_2025,Valley Mills Vineyards,0,0,0,326
2_1_2025,Violette Bakery,0,0,0,700
2_1_2025,World Hunger Relief,0,4,0,511
2_1_2025,Yallatizers,39,0,0,2000
2_1_2025,Yield Here Farms,0,0,0,100
2_22_2025,Alba's Pupusas,0,0,122,285
2_22_2025,Alili Bold Accessories,0,0,0,320
2_22_2025,ATX Jerky,0,0,0,1123
2_22_2025,Audrey's Pawstries,0,0,0,325
2_22_2025,Bonnet Farm,31,4,0,700
2_22_2025,Brazos Valley Cheese,0,0,0,2496
2_22_2025,Broken Grain Baking Co.,10,0,0,1500
2_22_2025,Bud's Lemonade,0,0,0,208
2_22_2025,Cha Community,0,0,0,850
2_22_2025,Chapultepec Farm,0,0,0,577
2_22_2025,Chef Flaco's Salsa,11,0,0,900
2_22_2025,Clay by Denae,0,0,0,592
2_22_2025,Designs with Jamie,0,0,0,497
2_22_2025,Don't Eat Beads,0,0,0,498
2_22_2025,Dresden Specialty Meats,140,0,0,800
2_22_2025,Fruits of Life,0,0,0,566
2_22_2025,Ganske Farms,40,0,5,1175
2_22_2025,Handmade Waco,0,0,0,307
2_22_2025,Hay Ewe Ranch LLC,0,8,0,91
2_22_2025,Heritage Coffee,0,0,0,845
2_22_2025,Heritage Food Crafters,0,0,0,1200
2_22_2025,Hutto Soap & Candle Co,0,0,20,549
2_22_2025,Iron Bridge Coffee,0,0,0,387
2_22_2025,Katharos Baking Co,0,0,0,850
2_22_2025,Kurbside Coffee,0,0,0,654
2_22_2025,Le's Kitchen,0,0,0,562
2_22_2025,Luna Clean Food Cafe,0,0,0,560
2_22_2025,Mike's Makes,0,0,15,730
2_22_2025,The Moody Goat,10,0,0,180
2_22_2025,Muchos Tacos,0,0,15,2700
2_22_2025,No Label Mushrooms,12,26,0,1450
2_22_2025,Ohana Freeze Dried Market,0,0,0,936
2_22_2025,Pink Cheeks Studio,0,0,0,486
2_22_2025,Quesadilla Factory,0,0,0,1060
2_22_2025,Rancho Martinez Kitchen,0,0,0,677
2_22_2025,Remedy Design Shop,0,0,0,960
2_22_2025,Rocky Gutter Homestead,15,0,30,790
2_22_2025,Round Rock Honey,0,0,0,300
2_22_2025,Shar's Plants & Jewelry,0,0,0,254
2_22_2025,Southern Sisters Soaps,0,0,0,840
2_22_2025,Sweet & Sourdough,24,0,0,295
2_22_2025,Teresita's Birria,0,0,0,309
2_22_2025,TLC Farms,0,0,0,700
2_22_2025,Tres Manos Coffee,0,0,0,529
2_22_2025,Valley Mills Vineyards,0,0,0,272
2_22_2025,Violette Bakery,0,0,0,575
2_22_2025,World Hunger Relief,0,34,0,428
2_22_2025,Yallatizers,8,0,0,1700
2_22_2025,Yield Here Farms,0,0,0,284
2_22_2025,Alba's Pupusas,0,0,122,285
2_22_2025,Alili Bold Accessories,0,0,0,320
2_22_2025,ATX Jerky,0,0,0,1123
2_22_2025,Audrey's Pawstries,0,0,0,325
2_22_2025,Bonnet Farm,31,4,0,700
2_22_2025,Brazos Valley Cheese,0,0,0,2496
2_22_2025,Broken Grain Baking Co.,10,0,0,1500
2_22_2025,Bud's Lemonade,0,0,0,208
2_22_2025,Cha Community,0,0,0,850
2_22_2025,Chapultepec Farm,0,0,0,577
2_22_2025,Chef Flaco's Salsa,11,0,0,900
2_22_2025,Clay by Denae,0,0,0,592
2_22_2025,Designs with Jamie,0,0,0,497
2_22_2025,Don't Eat Beads,0,0,0,498
2_22_2025,Dresden Specialty Meats,140,0,0,800
2_22_2025,Fruits of Life,0,0,0,566
2_22_2025,Ganske Farms,40,0,5,1175
2_22_2025,Handmade Waco,0,0,0,307
2_22_2025,Hay Ewe Ranch LLC,0,8,0,91
2_22_2025,Heritage Coffee,0,0,0,845
2_22_2025,Heritage Food Crafters,0,0,0,1200
2_22_2025,Hutto Soap & Candle Co,0,0,20,549
2_22_2025,Iron Bridge Coffee,0,0,0,387
2_22_2025,Katharos Baking Co,0,0,0,850
2_22_2025,Kurbside Coffee,0,0,0,654
2_22_2025,Le's Kitchen,0,0,0,562
2_22_2025,Luna Clean Food Cafe,0,0,0,560
2_22_2025,Mike's Makes,0,0,15,730
2_22_2025,The Moody Goat,10,0,0,180
2_22_2025,Muchos Tacos,0,0,15,2700
2_22_2025,No Label Mushrooms,12,26,0,1450
2_22_2025,Ohana Freeze Dried Market,0,0,0,936
2_22_2025,Pink Cheeks Studio,0,0,0,486
2_22_2025,Quesadilla Factory,0,0,0,1060
2_22_2025,Rancho Martinez Kitchen,0,0,0,677
2_22_2025,Remedy Design Shop,0,0,0,960
2_22_2025,Rocky Gutter Homestead,15,0,30,790
2_22_2025,Round Rock Honey,0,0,0,300
2_22_2025,Shar's Plants & Jewelry,0,0,0,254
2_22_2025,Southern Sisters Soaps,0,0,0,840
2_22_2025,Sweet & Sourdough,24,0,0,295
2_22_2025,Teresita's Birria,0,0,0,309
2_22_2025,TLC Farms,0,0,0,700
2_22_2025,Tres Manos Coffee,0,0,0,529
2_22_2025,Valley Mills Vineyards,0,0,0,272
2_22_2025,Violette Bakery,0,0,0,575
2_22_2025,World Hunger Relief,0,34,0,428
2_22_2025,Yallatizers,8,0,0,1700
2_22_2025,Yield Here Farms,0,0,0,284
2_8_2025,Alba's Pupusas,0,0,282,520
2_8_2025,Alili Bold Accessories,0,0,0,280
2_8_2025,ATX Jerky,30,0,0,1809
2_8_2025,Audrey's Pawstries,0,0,0,415
2_8_2025,Bonnet Farm,4,31,11,750
2_8_2025,Bud's Lemonade,0,0,10,996
2_8_2025,Brazos Valley Cheese,0,0,0,2850
2_8_2025,Broken Grain Baking Co.,55,0,0,3100
2_8_2025,C323 Woodworking,0,0,0,500
2_8_2025,Cha Community,0,0,0,1500
2_8_2025,Chapultepec Farm,0,0,0,786
2_8_2025,Chef Flaco's Salsa,18,0,0,1300
2_8_2025,Clay by Denae,0,0,0,573
2_8_2025,Copperhead Creek Jewelry,0,0,0,390
2_8_2025,Designs with Jamie,0,0,0,836
2_8_2025,Don't Eat Beads,0,0,0,560
2_8_2025,Dresden Specialty Meats,0,0,20,1000
2_8_2025,Elisa Morse,0,0,0,865
2_8_2025,Flora House,0,0,0,780
2_8_2025,Fruits of Life,0,0,0,719
2_8_2025,For Keeps Coffee,0,0,0,517
2_8_2025,Handmade Waco,0,0,0,371
2_8_2025,Hay Ewe Ranch LLC,11,22,0,122
2_8_2025,Heritage Coffee,0,0,0,1237
2_8_2025,Heritage Food Crafters,30,0,0,1200
2_8_2025,Hutto Soap & Candle Co,0,0,0,644
2_8_2025,Kurbside Coffee,0,0,0,858
2_8_2025,Le's Kitchen,0,0,20,1300
2_8_2025,Little Threads by Emily,0,0,0,575
2_8_2025,Luna Clean Food Cafe,0,0,0,1080
2_8_2025,Macabre Maven,0,0,0,295
2_8_2025,Mama D's Pickles and Jams,0,0,252,450
2_8_2025,Mike's Makes,6,0,0,915
2_8_2025,The Moody Goat,0,0,0,250
2_8_2025,Muchos Tacos,0,0,0,4051
2_8_2025,the New Plate,0,0,0,300
2_8_2025,No Label Mushrooms,0,15,0,1450
2_8_2025,Norma's Florals,0,0,0,673
2_8_2025,Ohana Freeze Dried Market,0,0,0,1375
2_8_2025,Passion Gardens,0,0,0,230
2_8_2025,Pink Cheeks Studio,0,0,0,825
2_8_2025,Quesadilla Factory,0,0,0,1907
2_8_2025,Rancho Martinez Kitchen,0,0,0,735
2_8_2025,Remedy Design Shop,0,0,0,1600
2_8_2025,Rocky Gutter Homestead,0,0,20,1235
2_8_2025,Round Rock Honey,0,0,0,600
2_8_2025,Shar's Plants & Jewelry,0,0,0,244
2_8_2025,Sison Tacos,0,0,0,1000
2_8_2025,Sojo Leather Co,0,0,0,217
2_8_2025,Southern Sisters Soaps,0,0,0,847
2_8_2025,Symphony Candle Co.,0,0,0,550
2_8_2025,TLC Farms,0,0,0,750
2_8_2025,Tres Manos Coffee,0,0,0,612
2_8_2025,Valley Mills Vineyards,0,0,0,872
2_8_2025,Violette Bakery,0,0,0,800
2_8_2025,World Hunger Relief,0,6,0,735
2_8_2025,Yallatizers,16,0,10,2300
2_8_2025,Yield Here Farms,0,8,58,228
2_8_2025,Zandartistry,0,0,0,1090
2_8_2025,Alba's Pupusas,0,0,282,520
2_8_2025,Alili Bold Accessories,0,0,0,280
2_8_2025,ATX Jerky,30,0,0,1809
2_8_2025,Audrey's Pawstries,0,0,0,415
2_8_2025,Bonnet Farm,4,31,11,750
2_8_2025,Bud's Lemonade,0,0,10,996
2_8_2025,Brazos Valley Cheese,0,0,0,2850
2_8_2025,Broken Grain Baking Co.,55,0,0,3100
2_8_2025,C323 Woodworking,0,0,0,500
2_8_2025,Cha Community,0,0,0,1500
2_8_2025,Chapultepec Farm,0,0,0,786
2_8_2025,Chef Flaco's Salsa,18,0,0,1300
2_8_2025,Clay by Denae,0,0,0,573
2_8_2025,Copperhead Creek Jewelry,0,0,0,390
2_8_2025,Designs with Jamie,0,0,0,836
2_8_2025,Don't Eat Beads,0,0,0,560
2_8_2025,Dresden Specialty Meats,0,0,20,1000
2_8_2025,Elisa Morse,0,0,0,865
2_8_2025,Flora House,0,0,0,780
2_8_2025,Fruits of Life,0,0,0,719
2_8_2025,For Keeps Coffee,0,0,0,517
2_8_2025,Handmade Waco,0,0,0,371
2_8_2025,Hay Ewe Ranch LLC,11,22,0,122
2_8_2025,Heritage Coffee,0,0,0,1237
2_8_2025,Heritage Food Crafters,30,0,0,1200
2_8_2025,Hutto Soap & Candle Co,0,0,0,644
2_8_2025,Kurbside Coffee,0,0,0,858
2_8_2025,Le's Kitchen,0,0,20,1300
2_8_2025,Little Threads by Emily,0,0,0,575
2_8_2025,Luna Clean Food Cafe,0,0,0,1080
2_8_2025,Macabre Maven,0,0,0,295
2_8_2025,Mama D's Pickles and Jams,0,0,252,450
2_8_2025,Mike's Makes,6,0,0,915
2_8_2025,The Moody Goat,0,0,0,250
2_8_2025,Muchos Tacos,0,0,0,4051
2_8_2025,the New Plate,0,0,0,300
2_8_2025,No Label Mushrooms,0,15,0,1450
2_8_2025,Norma's Florals,0,0,0,673
2_8_2025,Ohana Freeze Dried Market,0,0,0,1375
2_8_2025,Passion Gardens,0,0,0,230
2_8_2025,Pink Cheeks Studio,0,0,0,825
2_8_2025,Quesadilla Factory,0,0,0,1907
2_8_2025,Rancho Martinez Kitchen,0,0,0,735
2_8_2025,Remedy Design Shop,0,0,0,1600
2_8_2025,Rocky Gutter Homestead,0,0,20,1235
2_8_2025,Round Rock Honey,0,0,0,600
2_8_2025,Shar's Plants & Jewelry,0,0,0,244
2_8_2025,Sison Tacos,0,0,0,1000
2_8_2025,Sojo Leather Co,0,0,0,217
2_8_2025,Southern Sisters Soaps,0,0,0,847
2_8_2025,Symphony Candle Co.,0,0,0,550
2_8_2025,TLC Farms,0,0,0,750
2_8_2025,Tres Manos Coffee,0,0,0,612
2_8_2025,Valley Mills Vineyards,0,0,0,872
2_8_2025,Violette Bakery,0,0,0,800
2_8_2025,World Hunger Relief,0,6,0,735
2_8_2025,Yallatizers,16,0,10,2300
2_8_2025,Yield Here Farms,0,8,58,228
2_8_2025,Zandartistry,0,0,0,1090
3_15_2025,Alba's Pupusas,0,0,292,627
3_15_2025,Anthem Stories,0,0,0,119
3_15_2025,ATX Jerky,4,0,0,1450
3_15_2025,Audrey's Pawstries,0,0,0,500
3_15_2025,Bonnet Farm,0,63,30,1300
3_15_2025,Bud's Lemonade,0,0,16,1029
3_15_2025,Brazos Valley Cheese,0,0,0,2500
3_15_2025,Bridge Troll Customs,0,0,0,421
3_15_2025,Broken Grain Baking Co.,0,0,0,2800
3_15_2025,C323 Woodworking,0,0,0,700
3_15_2025,Cha Community,0,0,30,1400
3_15_2025,Chapultepec Farm,0,0,0,547
3_15_2025,Chef Flaco's Salsa,0,0,0,1000
3_15_2025,Clay by Denae,0,0,0,905
3_15_2025,Copperhead Creek Jewelry,0,0,0,260
3_15_2025,Don't Eat Beads,0,0,0,290
3_15_2025,Dresden Specialty Meats,0,0,0,950
3_15_2025,Fruits of Life,0,0,0,324
3_15_2025,For Keeps Coffee,0,0,15,420
3_15_2025,Foundations Farm,0,0,0,325
3_15_2025,Handmade Waco,0,0,0,350
3_15_2025,Hay Ewe Ranch LLC,3,8,0,48
3_15_2025,Heritage Coffee,0,0,0,828
3_15_2025,Heritage Food Crafters,0,0,0,768
3_15_2025,Home Fries Cafe,0,0,0,894
3_15_2025,Honeymoon Farm,25,17,0,308
3_15_2025,Hutto Soap & Candle Co,0,0,0,455
3_15_2025,Iron Bridge Coffee,0,0,0,654
3_15_2025,Katharos Baking Co,23,0,0,1300
3_15_2025,Kurbside Coffee,0,0,10,754
3_15_2025,L'Atelier Fromager,12,0,0,250
3_15_2025,Le's Kitchen,0,0,10,777
3_15_2025,Lil Mo's Tamales,0,0,16,479
3_15_2025,Little Threads by Emily,0,0,0,300
3_15_2025,Mama D's Pickles and Jams,24,0,242,600
3_15_2025,Mike's Makes,0,0,10,680
3_15_2025,The Moody Goat,101,0,0,600
3_15_2025,Muchos Tacos,0,0,0,2800
3_15_2025,the New Plate,0,0,0,505
3_15_2025,No Label Mushrooms,0,0,0,1100
3_15_2025,Norma's Florals,0,0,0,632
3_15_2025,Ohana Freeze Dried Market,0,0,0,924
3_15_2025,Passion Gardens,15,33,15,300
3_15_2025,Pink Cheeks Studio,0,0,0,551
3_15_2025,Quesadilla Factory,0,0,0,1900
3_15_2025,Rancho Martinez Kitchen,0,0,0,881
3_15_2025,Remedy Design Shop,0,0,0,980
3_15_2025,Rocky Gutter Homestead,0,0,0,1275
3_15_2025,Round Rock Honey,11,0,30,325
3_15_2025,Shar's Plants & Jewelry,0,0,0,262
3_15_2025,Sojo Leather Co,0,0,0,103
3_15_2025,Southern Sisters Soaps,0,0,10,1053
3_15_2025,Symphony Candle Co.,0,0,0,300
3_15_2025,Teresita's Birria,0,0,15,400
3_15_2025,TLC Farms,0,0,0,1200
3_15_2025,Tres Manos Coffee,0,0,0,819
3_15_2025,TruJamaica,0,0,0,794
3_15_2025,Urban Reap,3,43,13,873
3_15_2025,Valley Mills Vineyards,0,0,0,650
3_15_2025,Violette Bakery,5,0,0,880
3_15_2025,Waco Downtown Farmers Market,0,0,0,442
3_15_2025,Whiskey Hill Turnings,0,0,0,490
3_15_2025,World Hunger Relief,0,0,0,373
3_15_2025,Yallatizers,32,0,0,2000
3_15_2025,Yield Here Farms,0,16,0,262
3_15_2025,Zandartistry,0,0,6,295
3_1_2025,Alba's Pupusas,0,0,326,676
3_1_2025,Alili Bold Accessories,0,0,0,440
3_1_2025,Anthem Stories,0,0,0,228
3_1_2025,ATX Jerky,12,0,0,2000
3_1_2025,Audrey's Pawstries,0,0,0,550
3_1_2025,Bonnet Farm,37,106,11,1300
3_1_2025,Bud's Lemonade,0,0,35,1216
3_1_2025,Brazos Valley Cheese,0,0,0,3350
3_1_2025,Broken Grain Baking Co.,15,0,64,3000
3_1_2025,C323 Woodworking,0,0,0,1000
3_1_2025,Cha Community,0,0,66,1881
3_1_2025,Chapultepec Farm,0,0,0,802
3_1_2025,Chef Flaco's Salsa,10,0,10,1200
3_1_2025,Clay by Denae,0,0,0,665
3_1_2025,Designs with Jamie,0,0,0,582
3_1_2025,Don't Eat Beads,0,0,0,329
3_1_2025,Dresden Specialty Meats,0,0,30,1500
3_1_2025,Fruits of Life,0,0,0,529
3_1_2025,For Keeps Coffee,0,0,10,573
3_1_2025,Foundations Farm,6,0,10,372
3_1_2025,Ganske Farms,0,0,10,506
3_1_2025,Handmade Waco,0,0,0,529
3_1_2025,Hay Ewe Ranch LLC,0,12,0,112
3_1_2025,Heritage Coffee,0,0,0,1249
3_1_2025,Heritage Food Crafters,0,0,0,1150
3_1_2025,Home Fries Cafe,0,0,0,745
3_1_2025,Honeymoon Farm,0,9,30,294
3_1_2025,Hutto Soap & Candle Co,0,0,0,510
3_1_2025,Iron Bridge Coffee,0,0,30,780
3_1_2025,Katharos Baking Co,0,0,10,915
3_1_2025,Kurbside Coffee,0,0,0,851
3_1_2025,Le's Kitchen,0,0,25,1225
3_1_2025,Luna Clean Food Cafe,0,0,0,848
3_1_2025,Macabre Maven,0,0,5,449
3_1_2025,Mama D's Pickles and Jams,36,0,281,900
3_1_2025,Mike's Makes,0,0,0,1058
3_1_2025,The Moody Goat,29,0,0,380
3_1_2025,Muchos Tacos,0,0,2,3700
3_1_2025,the New Plate,0,0,8,456
3_1_2025,No Label Mushrooms,0,32,30,1105
3_1_2025,Norma's Florals,0,0,0,600
3_1_2025,Ohana Freeze Dried Market,0,0,0,1422
3_1_2025,Passion Gardens,0,28,10,350
3_1_2025,Quesadilla Factory,0,0,20,2070
3_1_2025,Rancho Martinez Kitchen,0,0,0,909
3_1_2025,Remedy Design Shop,0,0,0,950
3_1_2025,Rocky Gutter Homestead,0,0,50,1280
3_1_2025,Round Rock Honey,0,0,20,600
3_1_2025,Shar's Plants & Jewelry,0,0,0,423
3_1_2025,Sison Tacos,0,0,20,1031
3_1_2025,Southern Sisters Soaps,0,0,0,1314
3_1_2025,Sweet & Sourdough,24,0,0,439
3_1_2025,Symphony Candle Co.,0,0,0,752
3_1_2025,Teresita's Birria,0,0,0,688
3_1_2025,TLC Farms,0,0,0,1050
3_1_2025,Tres Manos Coffee,0,0,10,702
3_1_2025,TruJamaica,0,0,0,919
3_1_2025,Urban Reap,0,17,0,695
3_1_2025,Valley Mills Vineyards,0,0,0,601
3_1_2025,Violette Bakery,0,0,5,1000
3_1_2025,World Hunger Relief,0,4,0,491
3_1_2025,Yallatizers,33,0,20,2500
3_1_2025,Yield Here Farms,8,16,0,390
3_22_2025,Alba's Pupusas,0,0,252,652
3_22_2025,Anthem Stories,0,0,0,251
3_22_2025,ATX Jerky,31,0,10,1937
3_22_2025,Audrey's Pawstries,0,0,0,0
3_22_2025,Bonnet Farm,1,92,10,1500
3_22_2025,Bud's Lemonade,0,0,10,1742
3_22_2025,Brazos Valley Cheese,15,0,0,2500
3_22_2025,Broken Grain Baking Co.,118,0,0,3400
3_22_2025,C323 Woodworking,0,0,0,700
3_22_2025,Cha Community,0,0,10,1500
3_22_2025,Chapultepec Farm,7,0,0,688
3_22_2025,Chef Flaco's Salsa,25,0,0,1100
3_22_2025,Don't Eat Beads,0,0,0,577
3_22_2025,Dresden Specialty Meats,30,0,0,1400
3_22_2025,Elisa Morse,0,0,0,570
3_22_2025,Fruits of Life,0,0,0,684
3_22_2025,For Keeps Coffee,0,0,0,763
3_22_2025,Foundations Farm,0,0,0,416
3_22_2025,Handmade Jewelry by Annie,0,0,0,175
3_22_2025,Hay Ewe Ranch LLC,0,0,0,58
3_22_2025,Heritage Coffee,0,0,20,1022
3_22_2025,Heritage Food Crafters,0,0,0,0
3_22_2025,Home Fries Cafe,0,0,0,1110
3_22_2025,Honeymoon Farm,8,0,0,216
3_22_2025,Hutto Soap & Candle Co,0,0,0,820
3_22_2025,Iron Bridge Coffee,0,0,0,452
3_22_2025,Katharos Baking Co,32,0,0,1350
3_22_2025,Knots with Sofia,0,0,0,155
3_22_2025,Kurbside Coffee,0,0,0,694
3_22_2025,L'Atelier Fromager,0,0,0,239
3_22_2025,Le's Kitchen,0,0,10,1055
3_22_2025,Little Threads by Emily,0,0,0,611
3_22_2025,Lula Mae's Cajun Cuisine,0,0,15,1180
3_22_2025,Macabre Maven,0,0,0,419
3_22_2025,Mike's Makes,5,0,0,1100
3_22_2025,The Moody Goat,12,0,0,355
3_22_2025,Muchos Tacos,0,0,0,3450
3_22_2025,No Label Mushrooms,0,30,0,1100
3_22_2025,Norma's Florals,0,0,0,917
3_22_2025,Ohana Freeze Dried Market,8,0,10,1321
3_22_2025,Passion Gardens,0,0,0,600
3_22_2025,Quesadilla Factory,0,0,0,934
3_22_2025,Rancho Martinez Kitchen,0,0,0,910
3_22_2025,Remedy Design Shop,0,0,0,1200
3_22_2025,Rocky Gutter Homestead,13,0,0,1370
3_22_2025,Round Rock Honey,0,0,15,420
3_22_2025,Shar's Plants & Jewelry,0,0,20,277
3_22_2025,Sison Tacos,0,0,30,955
3_22_2025,Southern Sisters Soaps,0,0,0,921
3_22_2025,Sweet & Sourdough,36,0,0,603
3_22_2025,Teresita's Birria,0,0,0,400
3_22_2025,TLC Farms,0,0,0,1000
3_22_2025,Tres Manos Coffee,0,0,0,805
3_22_2025,Urban Reap,6,0,0,764
3_22_2025,Valley Mills Vineyards,0,0,0,574
3_22_2025,Violette Bakery,6,0,0,800
3_22_2025,Waco Downtown Farmers Market,0,0,0,402
3_22_2025,Waco Wildlife Rescue,0,0,0,420
3_22_2025,World Hunger Relief,0,0,0,455
3_22_2025,Yallatizers,0,0,0,2200
3_22_2025,Yield Here Farms,0,0,0,324
3_29_2025,Alba's Pupusas,0,0,286,680
3_29_2025,Alili Bold Accessories,0,0,0,830
3_29_2025,Anthem Stories,0,0,0,186
3_29_2025,ATX Jerky,0,0,0,1300
3_29_2025,Audrey's Pawstries,0,0,0,575
3_29_2025,Bonnet Farm,57,130,0,1400
3_29_2025,Bud's Lemonade,0,0,10,1565
3_29_2025,Brazos Valley Cheese,0,0,0,3300
3_29_2025,Broken Grain Baking Co.,33,0,0,3000
3_29_2025,Cha Community,0,0,17,1368
3_29_2025,Chapultepec Farm,118,0,0,414
3_29_2025,Chef Flaco's Salsa,15,0,0,900
3_29_2025,Churros la Catrina,20,0,0,1200
3_29_2025,Copperhead Creek Jewelry,0,0,0,545
3_29_2025,Don't Eat Beads,0,0,0,0
3_29_2025,Dresden Specialty Meats,48,0,0,1500
3_29_2025,Emily Martinka Pottery,0,0,0,1361
3_29_2025,Fruits of Life,0,0,0,334
3_29_2025,Handmade Waco,0,0,0,315
3_29_2025,Hay Ewe Ranch LLC,0,0,0,73
3_29_2025,Heritage Coffee,0,0,0,1100
3_29_2025,Heritage Food Crafters,0,0,0,686
3_29_2025,Home Fries Cafe,0,0,30,853
3_29_2025,Honeymoon Farm,0,9,6,310
3_29_2025,Hutto Soap & Candle Co,0,0,0,704
3_29_2025,Iron Bridge Coffee,0,0,0,409
3_29_2025,Jolee French Art,0,0,0,330
3_29_2025,Katharos Baking Co,0,0,0,1050
3_29_2025,Knots with Sofia,0,0,0,220
3_29_2025,Kurbside Coffee,0,0,0,880
3_29_2025,L'Atelier Fromager,0,0,0,298
3_29_2025,Le's Kitchen,0,0,15,739
3_29_2025,Lil Mo's Tamales,0,0,5,348
3_29_2025,Macabre Maven,0,0,0,317
3_29_2025,Mama D's Pickles and Jams,7,0,303,600
3_29_2025,Mike's Makes,0,0,10,860
3_29_2025,The Moody Goat,17,0,0,265
3_29_2025,Muchos Tacos,0,0,30,3100
3_29_2025,the New Plate,0,0,0,545
3_29_2025,Newton's Luxe Pantry,40,0,15,850
3_29_2025,No Label Mushrooms,1,66,0,1100
3_29_2025,Norma's Florals,0,0,10,768.86
3_29_2025,Ohana Freeze Dried Market,0,0,35,696
3_29_2025,Passion Gardens,0,27,26,250
3_29_2025,Quesadilla Factory,0,0,18,1105
3_29_2025,Rancho Martinez Kitchen,0,0,40,852
3_29_2025,Remedy Design Shop,0,0,0,900
3_29_2025,Rocky Gutter Homestead,0,0,5,895
3_29_2025,Round Rock Honey,0,0,0,0
3_29_2025,Shar's Plants & Jewelry,0,0,0,318
3_29_2025,Sison Tacos,0,0,0,1100
3_29_2025,Southern Sisters Soaps,0,0,0,777
3_29_2025,Sweet & Sourdough,51,0,0,730
3_29_2025,Teresita's Birria,0,0,15,378
3_29_2025,TLC Farms,0,0,0,1100
3_29_2025,Tres Manos Coffee,0,0,0,740
3_29_2025,Valley Mills Vineyards,0,0,0,451
3_29_2025,Violette Bakery,28,0,0,900
3_29_2025,Waco Downtown Farmers Market,0,0,0,204
3_29_2025,Waco Wildlife Rescue,0,0,0,100
3_29_2025,World Hunger Relief,0,39,0,670
3_29_2025,Yallatizers,8,0,10,2000
3_29_2025,Yield Here Farms,0,24,0,292
3_8_2025,Alba's Pupusas,0,0,134,434
3_8_2025,ATX Jerky,10,0,0,1061
3_8_2025,Audrey's Pawstries,0,0,0,200
3_8_2025,Bonnet Farm,19,91,5,1300
3_8_2025,Bud's Lemonade,0,0,37,300
3_8_2025,Brazos Valley Cheese,0,0,0,2550
3_8_2025,Broken Grain Baking Co.,38,0,0,2000
3_8_2025,C323 Woodworking,0,0,0,630
3_8_2025,Cha Community,0,0,0,850
3_8_2025,Chapultepec Farm,192,0,0,803
3_8_2025,Chef Flaco's Salsa,16,0,10,1000
3_8_2025,Churros la Catrina,0,0,0,1000
3_8_2025,Don't Eat Beads,0,0,0,326
3_8_2025,Dresden Specialty Meats,0,0,0,950
3_8_2025,Fruits of Life,0,0,0,716
3_8_2025,Foundations Farm,16,0,0,278
3_8_2025,Hay Ewe Ranch LLC,0,0,0,87
3_8_2025,Heritage Coffee,0,0,30,963
3_8_2025,Heritage Food Crafters,0,0,0,960
3_8_2025,Home Fries Cafe,0,0,50,873
3_8_2025,Honeymoon Farm,0,4,0,210
3_8_2025,Hutto Soap & Candle Co,0,0,0,497
3_8_2025,Katharos Baking Co,3,0,0,980
3_8_2025,Kurbside Coffee,0,0,5,715
3_8_2025,Le's Kitchen,0,0,0,495
3_8_2025,Little Bexar Farm,19,39,0,1950
3_8_2025,Luna Clean Food Cafe,16,0,0,450
3_8_2025,Macabre Maven,0,0,0,370
3_8_2025,Mike's Makes,0,0,20,714
3_8_2025,The Moody Goat,0,0,0,150
3_8_2025,Muchos Tacos,0,0,0,2200
3_8_2025,No Label Mushrooms,25,37,25,1186
3_8_2025,Norma's Florals,0,0,0,278
3_8_2025,Ohana Freeze Dried Market,6,0,22,642
3_8_2025,Passion Gardens,0,0,0,375
3_8_2025,Quesadilla Factory,0,0,20,1125
3_8_2025,Rancho Martinez Kitchen,0,0,20,624
3_8_2025,Remedy Design Shop,0,0,0,700
3_8_2025,Rocky Gutter Homestead,21,0,0,1245
3_8_2025,Round Rock Honey,0,0,0,350
3_8_2025,Shar's Plants & Jewelry,0,0,0,370
3_8_2025,Sison Tacos,0,0,10,500
3_8_2025,Southern Sisters Soaps,0,0,0,590
3_8_2025,Teresita's Birria,0,0,0,287
3_8_2025,TLC Farms,0,0,0,800
3_8_2025,Tres Manos Coffee,0,0,0,545
3_8_2025,TruJamaica,0,0,20,503
3_8_2025,Urban Reap,0,22,0,839
3_8_2025,Valley Mills Vineyards,0,0,0,117
3_8_2025,Violette Bakery,0,0,5,500
3_8_2025,World Hunger Relief,0,34,0,370
3_8_2025,Yallatizers,8,0,0,1700
3_8_2025,Yield Here Farms,0,0,0,164
4_12_2025,Alba's Pupusas,0,0,248,598
4_12_2025,Alili Bold Accessories,0,0,0,775
4_12_2025,Anthem Stories,0,0,0,154
4_12_2025,ATX Jerky,12,0,10,1757
4_12_2025,Audrey's Pawstries,0,0,0,500
4_12_2025,Bird Song Lavender,0,0,0,800
4_12_2025,Bonnet Farm,1,202,0,1500
4_12_2025,Bud's Lemonade,0,0,10,1252
4_12_2025,Brazos Valley Cheese,0,0,0,2180
4_12_2025,Broken Grain Baking Co.,25,0,0,2500
4_12_2025,C323 Woodworking,0,0,0,800
4_12_2025,Cha Community,0,0,25,1300
4_12_2025,Chapultepec Farm,0,0,0,700
4_12_2025,Chef Flaco's Salsa,24,0,0,1000
4_12_2025,Churros la Catrina,0,0,0,1250
4_12_2025,Copperhead Creek Jewelry,0,0,0,305
4_12_2025,Don't Eat Beads,0,0,0,397
4_12_2025,Dresden Specialty Meats,52,0,0,1500
4_12_2025,Fruits of Life,0,0,0,535
4_12_2025,For Keeps Coffee,0,0,0,435
4_12_2025,Foundations Farm,0,0,0,418
4_12_2025,Hay Ewe Ranch LLC,0,0,0,62
4_12_2025,Heritage Coffee,0,0,0,1097
4_12_2025,Heritage Food Crafters,0,0,5,0
4_12_2025,Home Fries Cafe,0,0,0,0
4_12_2025,Honeymoon Farm,12,1,0,140
4_12_2025,Hutto Soap & Candle Co,0,0,0,400
4_12_2025,Katharos Baking Co,0,0,0,1000
4_12_2025,Knots with Sofia,0,0,0,208
4_12_2025,Kurbside Coffee,0,0,20,882
4_12_2025,L'Atelier Fromager,13,0,0,289
4_12_2025,Le's Kitchen,0,0,20,751
4_12_2025,Lula Mae's Cajun Cuisine,0,0,0,0
4_12_2025,Luna Clean Food Cafe,0,0,0,670
4_12_2025,Mama D's Pickles and Jams,28,0,170,600
4_12_2025,Mike's Makes,0,0,0,835
4_12_2025,The Moody Goat,50,0,0,225
4_12_2025,Muchos Tacos,0,0,33,2700
4_12_2025,the New Plate,0,0,0,518
4_12_2025,No Label Mushrooms,0,0,0,1000
4_12_2025,Norma's Florals,0,0,0,1367
4_12_2025,Ohana Freeze Dried Market,32,0,40,1400
4_12_2025,Passion Gardens,0,0,0,368
4_12_2025,Pink Cheeks Studio,0,0,0,550
4_12_2025,Purpose,0,0,0,629
4_12_2025,Quesadilla Factory,0,0,0,606
4_12_2025,Rancho Martinez Kitchen,0,0,0,0
4_12_2025,Remedy Design Shop,0,0,0,840
4_12_2025,Rocky Gutter Homestead,10,0,0,1225
4_12_2025,Round Rock Honey,53,0,10,0
4_12_2025,Shar's Plants & Jewelry,0,0,0,128
4_12_2025,Sison Tacos,0,0,32,700
4_12_2025,Southern Sisters Soaps,0,0,0,740
4_12_2025,Sweet & Sourdough,46,0,0,617
4_12_2025,Teresita's Birria,0,0,0,341
4_12_2025,TLC Farms,0,0,0,800
4_12_2025,Tres Manos Coffee,0,0,2,407
4_12_2025,Urban Reap,8,0,0,590
4_12_2025,Valley Mills Vineyards,0,0,0,408
4_12_2025,Violette Bakery,5,0,0,765
4_12_2025,Waco Wildlife Rescue,0,0,0,0
4_12_2025,World Hunger Relief,0,22,10,897
4_12_2025,Yallatizers,0,0,10,2100
4_19_2025,Alba's Pupusas,0,0,136,576
4_19_2025,Alili Bold Accessories,0,0,0,380
4_19_2025,ATX Jerky,20,0,0,1190
4_19_2025,Audrey's Pawstries,0,0,10,300
4_19_2025,Bonnet Farm,4,128,60,1500
4_19_2025,Bud's Lemonade,0,0,47,841
4_19_2025,Brazos Valley Cheese,0,0,0,2300
4_19_2025,Broken Grain Baking Co.,33,0,0,3300
4_19_2025,Cha Community,0,0,10,1300
4_19_2025,Chapultepec Farm,0,0,0,218
4_19_2025,Chef Flaco's Salsa,11,0,10,1000
4_19_2025,Churros la Catrina,0,0,22,1305
4_19_2025,Clay by Denae,0,0,0,1216
4_19_2025,Don't Eat Beads,0,0,0,388
4_19_2025,Dresden Specialty Meats,0,0,20,1300
4_19_2025,Foundations Farm,0,0,0,418
4_19_2025,Handmade Jewelry by Annie,0,0,0,122
4_19_2025,Hay Ewe Ranch LLC,0,0,0,85
4_19_2025,Heritage Coffee,0,0,0,1112
4_19_2025,Heritage Food Crafters,29,0,0,1100
4_19_2025,Home Fries Cafe,0,0,0,951
4_19_2025,Hutto Soap & Candle Co,0,0,0,750
4_19_2025,Iron Bridge Coffee,0,0,20,520
4_19_2025,Katharos Baking Co,0,0,5,1250
4_19_2025,Kurbside Coffee,0,0,5,920
4_19_2025,L'Atelier Fromager,14,0,0,383
4_19_2025,Le's Kitchen,0,0,0,577
4_19_2025,Luna Clean Food Cafe,8,0,0,500
4_19_2025,Mama D's Pickles and Jams,14,0,242,600
4_19_2025,Mike's Makes,0,0,50,550
4_19_2025,The Moody Goat,0,0,0,390
4_19_2025,Muchos Tacos,0,0,15,2700
4_19_2025,No Label Mushrooms,0,41,0,740
4_19_2025,Norma's Florals,0,0,0,669
4_19_2025,Ohana Freeze Dried Market,0,0,0,1197
4_19_2025,Passion Gardens,0,0,0,280
4_19_2025,Quesadilla Factory,0,0,0,1825
4_19_2025,Rancho Martinez Kitchen,0,0,41,898
4_19_2025,Remedy Design Shop,0,0,0,1200
4_19_2025,Rocky Gutter Homestead,0,0,18,950
4_19_2025,Round Rock Honey,37,0,0,400
4_19_2025,Shar's Plants & Jewelry,0,0,0,215
4_19_2025,Southern Sisters Soaps,0,0,0,728
4_19_2025,Sweet & Sourdough,56,0,0,928
4_19_2025,Symphony Candle Co.,0,0,0,210
4_19_2025,Teresita's Birria,0,0,0,300
4_19_2025,The Spoonery,0,0,0,350
4_19_2025,TLC Farms,0,0,15,950
4_19_2025,Tres Manos Coffee,0,0,7,766
4_19_2025,TruJamaica,0,0,15,719
4_19_2025,Urban Reap,6,15,20,630
4_19_2025,Valley Mills Vineyards,0,0,0,750
4_19_2025,Violette Bakery,0,0,0,700
4_19_2025,Waco Downtown Farmers Market,0,0,0,243
4_19_2025,Whiskey Hill Turnings,0,0,0,525
4_19_2025,World Hunger Relief,0,52,10,811
4_19_2025,Yallatizers,19,0,0,2400
4_19_2025,Yield Here Farms,0,8,0,231
4_19_2025,Zandartistry,0,0,20,565
4_26_2025,Alba's Pupusas,0,0,221,596
4_26_2025,Alili Bold Accessories,0,0,0,270
4_26_2025,Anthem Stories,0,0,0,111
4_26_2025,ATX Jerky,0,0,0,795
4_26_2025,Audrey's Pawstries,0,0,0,0
4_26_2025,Bird Song Lavender,0,0,28,1100
4_26_2025,Bonnet Farm,18,69,0,1500
4_26_2025,Bud's Lemonade,0,0,55,1187.26
4_26_2025,Brazos Valley Cheese,32,0,0,2600
4_26_2025,Broken Grain Baking Co.,20,0,0,2500
4_26_2025,Cha Community,0,0,40,950
4_26_2025,Chapultepec Farm,0,0,0,259.79
4_26_2025,Chef Flaco's Salsa,0,0,20,1200
4_26_2025,Copperhead Creek Jewelry,0,0,0,300
4_26_2025,Don't Eat Beads,0,0,0,502
4_26_2025,Fruits of Life,0,0,0,468
4_26_2025,For Keeps Coffee,0,0,0,328.7
4_26_2025,Foundations Farm,14,0,0,577.93
4_26_2025,Handmade Jewelry by Annie,0,0,0,100
4_26_2025,Handmade Waco,0,0,0,351
4_26_2025,Hay Ewe Ranch LLC,5,24,0,126
4_26_2025,Heritage Coffee,0,0,20,833
4_26_2025,Heritage Food Crafters,0,0,0,0
4_26_2025,Home Fries Cafe,0,0,50,958
4_26_2025,Honeymoon Farm,5,5,0,256
4_26_2025,Hutto Soap & Candle Co,0,0,0,494
4_26_2025,Iron Bridge Coffee,0,0,0,518
4_26_2025,Katharos Baking Co,0,0,10,1550
4_26_2025,Kurbside Coffee,0,0,3,566.34
4_26_2025,L'Atelier Fromager,0,0,10,203
4_26_2025,Lil Mo's Tamales,0,0,20,456
4_26_2025,Little Threads by Emily,0,0,0,389
4_26_2025,Luna Clean Food Cafe,0,0,0,496
4_26_2025,Macabre Maven,5,0,0,282
4_26_2025,the New Plate,0,0,15,520
4_26_2025,Newton's Luxe Pantry,0,0,0,642
4_26_2025,No Label Mushrooms,15,0,0,900
4_26_2025,Norma's Florals,0,0,0,728.98
4_26_2025,Ohana Freeze Dried Market,0,0,0,992.4
4_26_2025,Passion Gardens,13,17,0,200
4_26_2025,Quesadilla Factory,0,0,0,1476
4_26_2025,Rancho Martinez Kitchen,0,0,10,785
4_26_2025,Remedy Design Shop,0,0,0,800
4_26_2025,Rocky Gutter Homestead,0,0,0,1075
4_26_2025,Round Rock Honey,7,0,0,350
4_26_2025,Shar's Plants & Jewelry,0,0,0,251
4_26_2025,Southern Sisters Soaps,0,0,0,688
4_26_2025,TLC Farms,0,0,0,825
4_26_2025,Tres Manos Coffee,0,0,10,956
4_26_2025,TruJamaica,0,0,0,400
4_26_2025,Valley Mills Vineyards,0,0,0,321
4_26_2025,Violette Bakery,0,0,0,540
4_26_2025,World Hunger Relief,0,46,0,738
4_26_2025,Yallatizers,23,0,0,1800
4_26_2025,Yield Here Farms,7,0,1,300
4_5_2025,Alba's Pupusas,0,0,65,215
4_5_2025,ATX Jerky,0,0,0,754
4_5_2025,Audrey's Pawstries,0,0,10,100
4_5_2025,Bonnet Farm,5,31,25,900
4_5_2025,Brazos Valley Cheese,39,0,0,1000
4_5_2025,Broken Grain Baking Co.,20,0,0,1100
4_5_2025,Cha Community,0,0,10,394
4_5_2025,Chef Flaco's Salsa,0,0,0,300
4_5_2025,Copperhead Creek Jewelry,0,0,0,20
4_5_2025,Designs with Jamie,0,0,0,202
4_5_2025,Dresden Specialty Meats,0,0,0,600
4_5_2025,Fruits of Life,0,0,0,285
4_5_2025,Foundations Farm,0,0,0,210
4_5_2025,Handmade Waco,0,0,0,120
4_5_2025,Hay Ewe Ranch LLC,0,0,0,49
4_5_2025,Honeymoon Farm,0,0,5,158
4_5_2025,Hutto Soap & Candle Co,0,0,0,444
4_5_2025,Katharos Baking Co,0,0,0,600
4_5_2025,Kurbside Coffee,0,0,5,434
4_5_2025,L'Atelier Fromager,0,0,0,278
4_5_2025,Luna Clean Food Cafe,0,0,0,260
4_5_2025,Mike's Makes,0,0,0,375
4_5_2025,No Label Mushrooms,9,5,0,660
4_5_2025,Norma's Florals,0,0,0,468
4_5_2025,Purpose,0,0,0,40
4_5_2025,Quesadilla Factory,0,0,10,550
4_5_2025,Remedy Design Shop,0,0,0,300
4_5_2025,Rocky Gutter Homestead,0,7,20,520
4_5_2025,Round Rock Honey,0,0,0,420
4_5_2025,Shar's Plants & Jewelry,0,0,0,123
4_5_2025,Sison Tacos,0,0,0,108
4_5_2025,Southern Sisters Soaps,0,0,0,613
4_5_2025,Sweet & Sourdough,19,0,0,575
4_5_2025,Symphony Candle Co.,0,0,0,155
4_5_2025,Teresita's Birria,0,0,0,300
4_5_2025,Tres Manos Coffee,0,0,10,369
4_5_2025,TruJamaica,0,0,30,256
4_5_2025,Valley Mills Vineyards,0,0,0,166
4_5_2025,Waco Wildlife Rescue,0,0,0,40
4_5_2025,World Hunger Relief,0,0,5,497
4_5_2025,Yallatizers,0,0,0,1200
4_5_2025,Yield Here Farms,0,18,0,150
4_9_2025,Aje & Aja,0,0,0,100
4_9_2025,Bud's Lemonade,0,0,5,280
4_9_2025,Barking Mutt Bakery,0,0,0,136
4_9_2025,Cha Community,0,0,37,280
4_9_2025,Copperhead Creek Jewelry,0,0,0,125
4_9_2025,Don't Eat Beads,0,0,0,94
4_9_2025,Gen8tikz,0,0,0,110
4_9_2025,L'Atelier Fromager,0,0,0,131
4_9_2025,Le's Kitchen,0,0,15,0
4_9_2025,Lorenny Bakes,29,0,0,184
4_9_2025,Milk Bottle Cookies,0,0,0,136
4_9_2025,The Clean Plate,0,0,0,40
4_9_2025,Tropic Oinker,0,0,36,391
4_9_2025,National Women in Agriculture,0,0,0,35
4_9_2025,Passion Gardens,0,2,0,125
4_9_2025,Purpose,0,0,0,354
4_9_2025,Quesadilla Factory,0,0,0,300
4_9_2025,Sison Tacos,0,0,0,435
4_9_2025,World Hunger Relief,0,0,0,220.5
4_9_2025,Yallatizers,0,0,0,400
5_10_2025,Alili Bold Accessories,0,0,0,345
5_10_2025,Anthem Stories,0,0,0,253
5_10_2025,ATX Jerky,4,0,6,1393
5_10_2025,Audrey's Pawstries,0,0,0,450
5_10_2025,Bonnet Farm,24,106,10,1800
5_10_2025,Bud's Lemonade,0,0,0,1276
5_10_2025,Brazos Valley Cheese,60,0,0,3200
5_10_2025,Broken Grain Baking Co.,11,0,0,3400
5_10_2025,C323 Woodworking,0,0,0,700
5_10_2025,Cha Community,0,0,20,1500
5_10_2025,Chapultepec Farm,0,0,0,407
5_10_2025,Chef Flaco's Salsa,33,0,0,1000
5_10_2025,Clay by Denae,0,0,0,772
5_10_2025,Copperhead Creek Jewelry,0,0,0,350
5_10_2025,Designs with Jamie,0,0,0,992
5_10_2025,Don't Eat Beads,0,0,0,0
5_10_2025,Dresden Specialty Meats,20,0,0,1600
5_10_2025,Elisa Morse,0,0,0,1000
5_10_2025,Fruits of Life,0,0,0,530
5_10_2025,For Keeps Coffee,0,0,0,523
5_10_2025,Foundations Farm,13,0,0,750
5_10_2025,Heritage Coffee,0,0,0,1150
5_10_2025,Heritage Food Crafters,24,0,0,1037
5_10_2025,Home Fries Cafe,0,0,0,828
5_10_2025,Honeymoon Farm,8,2,0,280
5_10_2025,Hutto Soap & Candle Co,0,0,0,624
5_10_2025,Iron Bridge Coffee,0,0,0,489
5_10_2025,JB Wood Crafts,0,0,0,425
5_10_2025,Katharos Baking Co,0,0,0,1650
5_10_2025,Knots with Sofia,0,0,0,164
5_10_2025,Kurbside Coffee,0,0,5,789
5_10_2025,L'Atelier Fromager,0,0,0,580
5_10_2025,Le's Kitchen,0,0,0,700
5_10_2025,Little Threads by Emily,0,0,0,300
5_10_2025,Luna Clean Food Cafe,8,0,0,681
5_10_2025,Macabre Maven,0,0,10,635
5_10_2025,Mama D's Pickles and Jams,0,0,243,650
5_10_2025,Mike's Makes,10,0,0,1001
5_10_2025,Muchos Tacos,0,0,20,3050
5_10_2025,the New Plate,0,0,0,464
5_10_2025,No Label Mushrooms,1,21,0,1000
5_10_2025,Norma's Florals,0,0,0,0
5_10_2025,Ohana Freeze Dried Market,0,0,0,1050
5_10_2025,Passion Gardens,0,0,0,350
5_10_2025,Pink Cheeks Studio,0,0,0,630
5_10_2025,Purpose,0,0,0,586
5_10_2025,Quesadilla Factory,0,0,35,1900
5_10_2025,Rancho Martinez Kitchen,0,0,0,912
5_10_2025,Remedy Design Shop,0,0,0,750
5_10_2025,Rocky Gutter Homestead,34,0,50,1275
5_10_2025,Round Rock Honey,34,0,0,464
5_10_2025,Shar's Plants & Jewelry,0,0,0,304
5_10_2025,Sison Tacos,0,0,50,1300
5_10_2025,Southern Sisters Soaps,0,0,0,1354
5_10_2025,Sweet & Sourdough,34,0,5,762
5_10_2025,Symphony Candle Co.,0,0,0,445
5_10_2025,Teresita's Birria,0,0,0,536
5_10_2025,TLC Farms,0,0,0,1250
5_10_2025,Tres Manos Coffee,0,0,10,995
5_10_2025,TruJamaica,0,0,0,736
5_10_2025,Urban Reap,0,11,0,601
5_10_2025,Valley Mills Vineyards,0,0,0,662
5_10_2025,Violette Bakery,15,0,0,925
5_10_2025,Whiskey Hill Turnings,0,0,0,530
5_10_2025,World Hunger Relief,0,0,0,253
5_10_2025,Yallatizers,24,0,0,2200
5_10_2025,Yield Here Farms,0,0,0,240
5_10_2025,Zandartistry,0,0,0,408
5_17_2025,Alili Bold Accessories,0,0,0,240
5_17_2025,ATX Jerky,0,0,15,1254
5_17_2025,Audrey's Pawstries,0,0,0,200
5_17_2025,Bird Song Lavender,0,0,23,610
5_17_2025,Bonnet Farm,32,84,24,1600
5_17_2025,Bud's Lemonade,0,0,15,1086
5_17_2025,Brazos Valley Cheese,52,0,30,1698
5_17_2025,Bridge Troll Customs,0,0,0,235
5_17_2025,C323 Woodworking,0,0,0,500
5_17_2025,Cha Community,0,0,20,845
5_17_2025,Chapultepec Farm,0,0,0,348
5_17_2025,Chef Flaco's Salsa,0,0,0,1000
5_17_2025,Churros la Catrina,39,0,0,995
5_17_2025,Copperhead Creek Jewelry,0,0,0,170
5_17_2025,Don't Eat Beads,0,0,0,0
5_17_2025,Dresden Specialty Meats,0,0,0,830
5_17_2025,Fruits of Life,0,0,0,688
5_17_2025,For Keeps Coffee,0,0,0,221
5_17_2025,Foundations Farm,20,0,0,701
5_17_2025,Handmade Waco,0,0,0,341
5_17_2025,Hay Ewe Ranch LLC,0,16,0,95
5_17_2025,Heritage Coffee,0,0,30,1036
5_17_2025,Heritage Food Crafters,0,0,0,443
5_17_2025,Home Fries Cafe,0,0,20,630
5_17_2025,Honeymoon Farm,0,9,5,175
5_17_2025,Hutto Soap & Candle Co,0,0,0,300
5_17_2025,Iron Bridge Coffee,0,0,0,381
5_17_2025,Katharos Baking Co,0,0,0,1400
5_17_2025,Knots with Sofia,0,0,0,108
5_17_2025,Kurbside Coffee,0,0,0,575
5_17_2025,L'Atelier Fromager,0,0,10,306
5_17_2025,Le's Kitchen,0,0,0,432
5_17_2025,Lightsey Farms,9,31,35,750
5_17_2025,Lil Mo's Tamales,0,0,0,485
5_17_2025,Luna Clean Food Cafe,0,0,0,774
5_17_2025,Macabre Maven,0,0,0,351
5_17_2025,Mama D's Pickles and Jams,0,0,140,450
5_17_2025,Mike's Makes,0,0,0,360
5_17_2025,The Moody Goat,46,0,0,430
5_17_2025,Muchos Tacos,0,0,5,2500
5_17_2025,No Label Mushrooms,0,0,0,800
5_17_2025,Norma's Florals,0,0,0,410
5_17_2025,Ohana Freeze Dried Market,0,0,0,664
5_17_2025,Peach is Good,0,8,5,2150
5_17_2025,Purpose,0,0,0,630
5_17_2025,Quesadilla Factory,0,0,10,1040
5_17_2025,Rancho Martinez Kitchen,0,0,0,779
5_17_2025,Remedy Design Shop,0,0,0,700
5_17_2025,Rocky Gutter Homestead,0,0,0,860
5_17_2025,Round Rock Honey,0,0,0,0
5_17_2025,Shar's Plants & Jewelry,0,0,0,124
5_17_2025,Sison Tacos,0,0,5,1200
5_17_2025,Southern Sisters Soaps,0,0,0,800
5_17_2025,Sweet & Sourdough,34,0,0,724
5_17_2025,TLC Farms,0,0,0,650
5_17_2025,Tres Manos Coffee,0,0,0,731
5_17_2025,TruJamaica,0,0,0,414
5_17_2025,Valley Mills Vineyards,0,0,0,391
5_17_2025,Violette Bakery,0,0,10,675
5_17_2025,World Hunger Relief,0,0,1,258
5_17_2025,Yallatizers,0,0,11,1700
5_17_2025,Yield Here Farms,0,0,0,250
5_17_2025,Zandartistry,0,0,1,310
5_24_2025,Alili Bold Accessories,0,0,0,430
5_24_2025,ATX Jerky,17,0,30,1709
5_24_2025,Audrey's Pawstries,0,0,15,180
5_24_2025,Bonnet Farm,15,58,0,1600
5_24_2025,Bud's Lemonade,0,0,30,1074
5_24_2025,Brazos Valley Cheese,0,0,0,1800
5_24_2025,Broken Grain Baking Co.,0,0,0,2100
5_24_2025,Cha Community,0,0,0,1200
5_24_2025,Chapultepec Farm,0,0,0,510
5_24_2025,Chef Flaco's Salsa,47,0,0,1100
5_24_2025,Clay by Denae,0,0,0,1130
5_24_2025,Don't Eat Beads,0,0,0,600
5_24_2025,Dresden Specialty Meats,32,0,0,1550
5_24_2025,Fruits of Life,0,0,0,340
5_24_2025,Foundations Farm,44,0,0,475
5_24_2025,Frenchie Daddy French Toast,0,0,40,394
5_24_2025,Hay Ewe Ranch LLC,0,24,0,163
5_24_2025,Heritage Coffee,0,0,0,926
5_24_2025,Heritage Food Crafters,15,0,5,939
5_24_2025,Home Fries Cafe,0,0,5,720
5_24_2025,Honeymoon Farm,5,6,0,223
5_24_2025,Hutto Soap & Candle Co,0,0,0,475
5_24_2025,Iron Bridge Coffee,15,0,0,423
5_24_2025,Katharos Baking Co,0,0,0,1200
5_24_2025,Knots with Sofia,0,0,0,150
5_24_2025,Kurbside Coffee,0,0,0,664
5_24_2025,L'Atelier Fromager,6,0,0,320
5_24_2025,Le's Kitchen,0,0,0,662
5_24_2025,Lightsey Farms,2,72,25,850
5_24_2025,Little Threads by Emily,0,0,0,167
5_24_2025,Lula Mae's Cajun Cuisine,0,0,15,787
5_24_2025,Luna Clean Food Cafe,8,0,0,581
5_24_2025,Macabre Maven,0,0,0,346
5_24_2025,Mama D's Pickles and Jams,7,0,184,400
5_24_2025,Mike's Makes,16,0,0,835
5_24_2025,Muchos Tacos,0,0,0,2073
5_24_2025,No Label Mushrooms,0,0,0,900
5_24_2025,Ohana Freeze Dried Market,0,0,0,969
5_24_2025,Passion Gardens,0,0,0,200
5_24_2025,Peach is Good,0,123,0,3280
5_24_2025,Pink Cheeks Studio,0,0,0,650
5_24_2025,Purpose,0,0,0,919
5_24_2025,Quesadilla Factory,0,0,10,1850
5_24_2025,Rancho Martinez Kitchen,0,0,0,654
5_24_2025,Remedy Design Shop,0,0,0,750
5_24_2025,Rocky Gutter Homestead,6,0,1,1075
5_24_2025,Round Rock Honey,0,0,0,450
5_24_2025,Shar's Plants & Jewelry,0,0,12,200
5_24_2025,Sison Tacos,0,0,0,1100
5_24_2025,Teresita's Birria,0,0,0,536
5_24_2025,Tres Manos Coffee,0,0,0,665
5_24_2025,TruJamaica,0,0,0,282
5_24_2025,Valley Mills Vineyards,0,0,0,717
5_24_2025,Violette Bakery,5,0,0,600
5_24_2025,Whitestone Pastures,10,0,0,507
5_24_2025,World Hunger Relief,3,5,0,58
5_24_2025,Yallatizers,0,0,1,2000
5_31_2025,Alili Bold Accessories,0,0,0,390
5_31_2025,Artphoria Studio + Garden,0,0,0,52
5_31_2025,ATX Jerky,12,0,0,1202
5_31_2025,Audrey's Pawstries,0,0,30,400
5_31_2025,Bonnet Farm,2,51,0,1750
5_31_2025,Bud's Lemonade,0,0,0,1165
5_31_2025,Brazos Valley Cheese,15,0,0,1900
5_31_2025,Broken Grain Baking Co.,31,0,0,2800
5_31_2025,C323 Woodworking,0,0,0,550
5_31_2025,Cha Community,14,0,11,1406
5_31_2025,Chapultepec Farm,0,0,0,643
5_31_2025,Chef Flaco's Salsa,0,0,0,800
5_31_2025,Churros la Catrina,1,0,0,1200
5_31_2025,Copperhead Creek Jewelry,0,0,0,725
5_31_2025,Don't Eat Beads,0,0,0,551
5_31_2025,Dresden Specialty Meats,10,0,0,840
5_31_2025,Foundations Farm,165,0,10,644
5_31_2025,Fruits of Life,0,0,0,670
5_31_2025,Hay Ewe Ranch LLC,0,0,0,71
5_31_2025,Heritage Coffee,0,0,0,751
5_31_2025,Heritage Food Crafters,0,0,0,575
5_31_2025,Home Fries Cafe,0,0,0,545
5_31_2025,Honeymoon Farm,2,10,5,274
5_31_2025,Hutto Soap & Candle Co,0,0,0,475
5_31_2025,Iron Bridge Coffee,0,0,0,559
5_31_2025,Katharos Baking Co,12,0,0,1200
5_31_2025,Kurbside Coffee,0,0,0,625
5_31_2025,L'Atelier Fromager,0,0,10,273
5_31_2025,Le's Kitchen,0,0,0,0
5_31_2025,Lightsey Farms,15,33,0,700
5_31_2025,Lil Mo's Tamales,6,0,0,468
5_31_2025,Luna Clean Food Cafe,0,0,0,580
5_31_2025,Macabre Maven,0,0,10,304
5_31_2025,Mike's Makes,30,0,0,833
5_31_2025,Milk Bottle Cookies,0,0,0,300
5_31_2025,The Moody Goat,40,0,0,393
5_31_2025,Muchos Tacos,0,0,10,2500
5_31_2025,the New Plate,3,0,0,525
5_31_2025,Newton's Luxe Pantry,8,0,0,642
5_31_2025,No Label Mushrooms,0,0,0,0
5_31_2025,Ohana Freeze Dried Market,23,0,0,588
5_31_2025,Passion Gardens,7,7,16,250
5_31_2025,Peach is Good,39,55,0,2574
5_31_2025,Purpose,0,0,0,611
5_31_2025,Quesadilla Factory,0,0,0,1100
5_31_2025,Rancho Martinez Kitchen,20,0,0,534
5_31_2025,Remedy Design Shop,0,0,0,1200
5_31_2025,Rocky Gutter Homestead,0,0,0,1125
5_31_2025,Round Rock Honey,7,0,0,550
5_31_2025,Shar's Plants & Jewelry,0,0,0,363
5_31_2025,Sison Tacos,0,0,10,1870
5_31_2025,TLC Farms,0,0,0,1000
5_31_2025,Tres Manos Coffee,0,0,10,559
5_31_2025,Valley Mills Vineyards,0,0,0,453
5_31_2025,Violette Bakery,0,0,0,480
5_31_2025,Whitestone Pastures,30,0,0,854
5_31_2025,World Hunger Relief,0,10,5,321
5_31_2025,Yallatizers,23,0,0,2100
5_31_2025,Yield Here Farms,0,38,0,200
5_3_2025,Alili Bold Accessories,0,0,0,470
5_3_2025,ATX Jerky,0,0,0,1099
5_3_2025,Audrey's Pawstries,0,0,0,400
5_3_2025,Bird Song Lavender,0,0,0,0
5_3_2025,Bonnet Farm,1,37,20,1800
5_3_2025,Bud's Lemonade,0,0,0,886.81
5_3_2025,Brazos Valley Cheese,0,0,0,2750
5_3_2025,Broken Grain Baking Co.,28,0,0,2900
5_3_2025,Cha Community,0,0,0,1468
5_3_2025,Chapultepec Farm,0,0,0,608.71
5_3_2025,Chef Flaco's Salsa,0,0,0,1000
5_3_2025,Churros la Catrina,0,0,5,1000
5_3_2025,Don't Eat Beads,0,0,0,0
5_3_2025,Dresden Specialty Meats,33,0,0,1500
5_3_2025,Fruits of Life,0,0,0,567
5_3_2025,Foundations Farm,105,0,0,551.32
5_3_2025,Hay Ewe Ranch LLC,0,0,0,40
5_3_2025,Heritage Coffee,0,0,13,1203
5_3_2025,Heritage Food Crafters,0,0,0,767
5_3_2025,Honeymoon Farm,0,6,10,366
5_3_2025,Hutto Soap & Candle Co,0,0,0,624
5_3_2025,Katharos Baking Co,0,0,10,900
5_3_2025,Kurbside Coffee,0,0,10,789.83
5_3_2025,L'Atelier Fromager,0,0,10,356
5_3_2025,Le's Kitchen,0,0,25,747
5_3_2025,Lil Mo's Tamales,0,0,0,554
5_3_2025,Luna Clean Food Cafe,0,0,10,612
5_3_2025,Macabre Maven,0,0,0,506
5_3_2025,Mama D's Pickles and Jams,0,0,202,450
5_3_2025,Milk Bottle Cookies,0,0,10,300
5_3_2025,Mike's Makes,6,0,0,669
5_3_2025,Muchos Tacos,0,0,20,3300
5_3_2025,No Label Mushrooms,0,2,0,1200
5_3_2025,Norma's Florals,0,0,0,796.95
5_3_2025,Ohana Freeze Dried Market,35,0,50,858.59
5_3_2025,Passion Gardens,0,0,0,300
5_3_2025,Pink Cheeks Studio,0,0,0,0
5_3_2025,Quesadilla Factory,0,0,20,1450
5_3_2025,Remedy Design Shop,0,0,0,850
5_3_2025,Rocky Gutter Homestead,16,0,30,1090
5_3_2025,Round Rock Honey,0,0,0,450
5_3_2025,Shar's Plants & Jewelry,0,0,5,300
5_3_2025,Sison Drinks,0,0,10,450
5_3_2025,Sweet & Sourdough,0,0,0,582
5_3_2025,Teresita's Birria,0,0,0,560
5_3_2025,TLC Farms,0,0,0,1100
5_3_2025,Tres Manos Coffee,0,0,0,765.8
5_3_2025,TruJamaica,0,0,0,576
5_3_2025,Urban Reap,19,0,5,606.88
5_3_2025,Valley Mills Vineyards,0,0,0,706
5_3_2025,Violette Bakery,0,0,5,805
5_3_2025,Waco Wildlife Rescue,0,0,0,0
5_3_2025,World Hunger Relief,0,36,20,1000.65
5_3_2025,Yallatizers,17,0,0,2000
5_3_2025,Yield Here Farms,0,0,0,191
7_12_2025,Alili Bold Accessories,0,0,0,210
7_12_2025,ATX Jerky,5,0,25,1294
7_12_2025,Audrey's Pawstries,0,0,0,350
7_12_2025,Bonnet Farm,0,39,10,1500
7_12_2025,Bud's Lemonade,0,0,10,560
7_12_2025,Brazos Valley Cheese,0,0,0,1500
7_12_2025,C323 Woodworking,0,0,0,0
7_12_2025,Cha Community,0,0,0,734
7_12_2025,Chapultepec Farm,0,0,0,549
7_12_2025,Chef Flaco's Salsa,29,0,0,900
7_12_2025,Churros la Catrina,21,0,0,990
7_12_2025,Clay by Denae,0,0,0,874
7_12_2025,Copperhead Creek Jewelry,0,0,0,160
7_12_2025,Don't Eat Beads,0,0,0,259
7_12_2025,Dresden Specialty Meats,0,0,0,450
7_12_2025,Foundations Farm,0,0,0,368
7_12_2025,Fruits of Life,0,0,0,535
7_12_2025,Hay Ewe Ranch LLC,0,0,0,114
7_12_2025,Heritage Coffee,0,0,0,706
7_12_2025,Heritage Food Crafters,0,0,0,893
7_12_2025,Honeymoon Farm,0,3,0,448
7_12_2025,Hutto Soap & Candle Co,0,0,0,255
7_12_2025,Iron Bridge Coffee,0,0,25,340
7_12_2025,Katharos Baking Co,0,0,10,1000
7_12_2025,Kurbside Coffee,0,0,0,522
7_12_2025,L'Atelier Fromager,0,0,0,154
7_12_2025,Lightsey Farms,0,10,0,750
7_12_2025,Luna Clean Food Cafe,0,0,0,752
7_12_2025,Mike's Makes,0,0,0,755
7_12_2025,Muchos Tacos,0,0,15,1928
7_12_2025,the New Plate,0,0,0,374
7_12_2025,No Label Mushrooms,0,0,0,730
7_12_2025,Ohana Freeze Dried Market,0,0,0,790
7_12_2025,Passion Gardens,0,0,0,150
7_12_2025,Peach is Good,0,8,0,2250
7_12_2025,Purpose,0,0,0,930
7_12_2025,Quesadilla Factory,0,0,0,1400
7_12_2025,Rancho Martinez Kitchen,0,0,0,650
7_12_2025,Remedy Design Shop,0,0,0,350
7_12_2025,Rocky Gutter Homestead,0,0,0,770
7_12_2025,Round Rock Honey,7,0,0,300
7_12_2025,Shar's Plants & Jewelry,0,0,0,284
7_12_2025,Sison Tacos,0,0,0,695
7_12_2025,Southern Sisters Soaps,0,0,0,533
7_12_2025,Sweet & Sourdough,0,0,0,221
7_12_2025,Tres Manos Coffee,0,0,0,563
7_12_2025,TruJamaica,0,0,15,399
7_12_2025,Violette Bakery,0,0,0,540
7_12_2025,Whitestone Pastures,0,0,0,677
7_12_2025,Yallatizers,16,0,0,1800
7_19_2025,Alili Bold Accessories,0,0,0,230
7_19_2025,Around the World Bakery,16,0,0,389
7_19_2025,ATX Jerky,40,0,0,1400
7_19_2025,Audrey's Pawstries,0,0,0,345
7_19_2025,Bonnet Farm,0,73,9,1500
7_19_2025,Bud's Lemonade,0,0,0,851
7_19_2025,Brazos Valley Cheese,18,0,0,2466
7_19_2025,Bridge Troll Customs,0,0,0,175
7_19_2025,Broken Grain Baking Co.,25,0,0,2800
7_19_2025,C323 Woodworking,0,0,0,750
7_19_2025,Cha Community,0,0,0,0
7_19_2025,Chapultepec Farm,20,0,0,362
7_19_2025,Chef Flaco's Salsa,0,0,0,900
7_19_2025,Copperhead Creek Jewelry,0,0,0,250
7_19_2025,Don't Eat Beads,0,0,0,348
7_19_2025,Dresden Specialty Meats,38,0,0,675
7_19_2025,Foundations Farm,0,0,0,386
7_19_2025,Fruits of Life,0,0,0,686
7_19_2025,Hay Ewe Ranch LLC,0,0,0,70
7_19_2025,Heritage Coffee,0,0,0,938
7_19_2025,Heritage Food Crafters,0,0,0,751
7_19_2025,Honeymoon Farm,11,8,0,500
7_19_2025,Hutto Soap & Candle Co,0,0,0,382
7_19_2025,JB Wood Crafts,0,0,0,300
7_19_2025,Katharos Baking Co,0,0,0,800
7_19_2025,Kurbside Coffee,0,0,0,560
7_19_2025,La Frescura,0,0,28,564
7_19_2025,L'Atelier Fromager,4,0,0,125
7_19_2025,Lightsey Farms,0,8,20,750
7_19_2025,Luna Clean Food Cafe,0,8,10,614
7_19_2025,Mama D's Pickles and Jams,0,0,302,600
7_19_2025,Mike's Makes,0,0,0,300
7_19_2025,Muchos Tacos,0,0,0,1968
7_19_2025,No Label Mushrooms,0,0,0,800
7_19_2025,Ohana Freeze Dried Market,0,0,20,577
7_19_2025,Passion Gardens,7,13,13,250
7_19_2025,Peach is Good,0,56,0,1943
7_19_2025,Quesadilla Factory,0,0,0,1300
7_19_2025,Rancho Martinez Kitchen,5,0,0,794
7_19_2025,Remedy Design Shop,0,0,0,1200
7_19_2025,Rocky Gutter Homestead,0,0,0,850
7_19_2025,Round Rock Honey,0,0,0,320
7_19_2025,Shar's Plants & Jewelry,0,0,0,259
7_19_2025,Sison Tacos,0,0,10,764
7_19_2025,Southern Sisters Soaps,0,0,0,686
7_19_2025,Tasty Amy's,7,0,0,530
7_19_2025,Tres Manos Coffee,0,0,15,469
7_19_2025,TruJamaica,0,0,0,166
7_19_2025,Violette Bakery,0,0,0,0
7_19_2025,Whiskey Hill Turnings,0,0,0,539
7_19_2025,Yallatizers,0,0,0,1800
7_19_2025,Yield Here Farms,0,0,0,150
7_26_2025,Alili Bold Accessories,0,0,0,280
7_26_2025,Around the World Bakery,0,0,0,361
7_26_2025,ATX Jerky,0,0,0,1033
7_26_2025,Audrey's Pawstries,0,0,0,150
7_26_2025,Bonnet Farm,0,24,26,1700
7_26_2025,Bud's Lemonade,0,0,0,600
7_26_2025,Brazos Valley Cheese,0,0,15,2066
7_26_2025,Broken Grain Baking Co.,56,0,0,2200
7_26_2025,Cha Community,0,0,0,700
7_26_2025,Chapultepec Farm,0,0,0,486
7_26_2025,Chef Flaco's Salsa,16,0,0,900
7_26_2025,Churros la Catrina,0,0,0,850
7_26_2025,Don't Eat Beads,0,0,0,410
7_26_2025,Dresden Specialty Meats,20,0,0,1050
7_26_2025,Fruits of Life,0,0,0,320
7_26_2025,Hay Ewe Ranch LLC,0,0,0,83
7_26_2025,Heritage Coffee,0,0,6,636
7_26_2025,Heritage Food Crafters,0,0,0,584
7_26_2025,Hutto Soap & Candle Co,0,0,0,330
7_26_2025,Iron Bridge Coffee,0,0,0,659
7_26_2025,Katharos Baking Co,17,0,0,800
7_26_2025,Kurbside Coffee,0,0,3,544
7_26_2025,La Frescura,0,0,10,612
7_26_2025,L'Atelier Fromager,10,0,0,327
7_26_2025,Lightsey Farms,0,37,0,800
7_26_2025,Luna Clean Food Cafe,0,0,0,380
7_26_2025,Mama D's Pickles and Jams,0,0,167,300
7_26_2025,Mike's Makes,0,0,0,510
7_26_2025,Muchos Tacos,0,0,0,1790
7_26_2025,the New Plate,8,0,0,370
7_26_2025,No Label Mushrooms,0,0,0,480
7_26_2025,Ohana Freeze Dried Market,7,0,0,515
7_26_2025,Passion Gardens,0,0,0,250
7_26_2025,Peach is Good,24,29,10,1852
7_26_2025,Pink Cheeks Studio,0,0,0,217
7_26_2025,Purpose,0,0,0,1429
7_26_2025,Quesadilla Factory,0,0,0,1480
7_26_2025,Rancho Martinez Kitchen,0,0,0,710
7_26_2025,Remedy Design Shop,0,0,0,700
7_26_2025,Rocky Gutter Homestead,8,0,10,725
7_26_2025,Round Rock Honey,17,0,0,250
7_26_2025,Shar's Plants & Jewelry,0,0,30,176
7_26_2025,Sison Tacos,0,0,35,533
7_26_2025,Southern Sisters Soaps,0,0,0,651
7_26_2025,TLC Farms,0,0,10,500
7_26_2025,Violette Bakery,0,0,0,330
7_26_2025,Whitestone Pastures,0,0,0,380
7_26_2025,Yallatizers,22,0,0,1800
7_26_2025,Yield Here Farms,0,0,0,200
7_5_2025,ATX Jerky,17,0,0,451
7_5_2025,Audrey's Pawstries,0,0,0,0
7_5_2025,Bonnet Farm,0,17,0,700
7_5_2025,Bud's Lemonade,0,0,0,40
7_5_2025,Brazos Valley Cheese,0,0,0,1500
7_5_2025,Broken Grain Baking Co.,10,0,0,1400
7_5_2025,Cha Community,0,0,0,280
7_5_2025,Chapultepec Farm,100,0,0,379
7_5_2025,Chef Flaco's Salsa,32,0,0,800
7_5_2025,Clay by Denae,0,0,0,220
7_5_2025,Don't Eat Beads,0,0,0,98
7_5_2025,Dresden Specialty Meats,0,0,0,310
7_5_2025,Fruits of Life,0,0,0,241
7_5_2025,Hay Ewe Ranch LLC,0,0,0,49
7_5_2025,Heritage Coffee,0,0,0,357
7_5_2025,Heritage Food Crafters,0,0,0,0
7_5_2025,Honeymoon Farm,0,10,0,325
7_5_2025,Hutto Soap & Candle Co,0,0,0,188
7_5_2025,Katharos Baking Co,0,0,0,400
7_5_2025,Kurbside Coffee,0,0,0,226
7_5_2025,L'Atelier Fromager,0,0,0,400
7_5_2025,Lightsey Farms,16,0,2,400
7_5_2025,Luna Clean Food Cafe,16,0,0,96
7_5_2025,Mike's Makes,0,0,0,481
7_5_2025,Muchos Tacos,0,0,0,1000
7_5_2025,Passion Gardens,0,0,10,75
7_5_2025,Peach is Good,0,32,0,1190
7_5_2025,Quesadilla Factory,0,0,0,729
7_5_2025,Remedy Design Shop,0,0,0,125
7_5_2025,Rocky Gutter Homestead,0,0,0,670
7_5_2025,Round Rock Honey,11,0,0,286
7_5_2025,Shar's Plants & Jewelry,0,0,0,105
7_5_2025,Southern Sisters Soaps,0,0,0,236
7_5_2025,Super Blooms Flower Farm,0,0,30,330
7_5_2025,Tasty Amy's,0,0,0,364
7_5_2025,TLC Farms,0,0,0,200
7_5_2025,Tres Manos Coffee,0,0,16,315
7_5_2025,TruJamaica,0,0,0,285
7_5_2025,Waco Downtown Farmers Market,0,0,0,169
7_5_2025,Yallatizers,0,0,10,1100
7_5_2025,Yield Here Farms,0,0,0,112
8_16_2025,Alili Bold Accessories,0,0,0,160
8_16_2025,Ary Land & Cattle,0,0,0,310
8_16_2025,ATX Jerky,5,0,0,978
8_16_2025,Audrey's Pawstries,0,0,0,250
8_16_2025,Bird Song Lavender,0,0,0,328
8_16_2025,Bonnet Farm,20,53,10,1100
8_16_2025,Bud's Lemonade,0,0,10,865
8_16_2025,Brazos Valley Cheese,15,0,0,1800
8_16_2025,Broken Grain Baking Co.,33,0,0,2100
8_16_2025,C323 Woodworking,0,0,0,550
8_16_2025,Cha Community,0,0,0,867
8_16_2025,Chapultepec Farm,0,0,0,469
8_16_2025,Chef Flaco's Salsa,0,0,0,700
8_16_2025,Churros la Catrina,19,0,0,920
8_16_2025,Copperhead Creek Jewelry,0,0,0,485
8_16_2025,Don't Eat Beads,0,0,0,299
8_16_2025,Dresden Specialty Meats,0,0,0,830
8_16_2025,Foundations Farm,10,0,0,384
8_16_2025,Fruits of Life,0,0,0,215
8_16_2025,Hay Ewe Ranch LLC,0,0,0,70
8_16_2025,Heritage Coffee,0,0,11,613
8_16_2025,Heritage Food Crafters,0,0,0,744
8_16_2025,Honeymoon Farm,10,8,10,307
8_16_2025,Hutto Soap & Candle Co,0,0,0,350
8_16_2025,Katharos Baking Co,0,0,0,800
8_16_2025,Kurbside Coffee,0,0,0,519
8_16_2025,La Frescura,0,0,0,510
8_16_2025,Lightsey Farms,0,56,0,770
8_16_2025,Luna Clean Food Cafe,8,0,0,744
8_16_2025,Mama D's Pickles and Jams,21,0,91,350
8_16_2025,Mike's Makes,0,0,10,704
8_16_2025,Muchos Tacos,0,0,0,2000
8_16_2025,No Label Mushrooms,0,15,0,700
8_16_2025,Passion Gardens,0,0,0,200
8_16_2025,Peach is Good,17,53,0,1738
8_16_2025,Purpose,0,0,0,966
8_16_2025,Quesadilla Factory,0,0,0,1100
8_16_2025,Remedy Design Shop,0,0,0,1100
8_16_2025,Rocky Gutter Homestead,18,0,0,820
8_16_2025,Round Rock Honey,0,0,0,350
8_16_2025,Shar's Plants & Jewelry,0,0,30,270
8_16_2025,Sison Tacos,0,0,0,700
8_16_2025,Southern Sisters Soaps,0,0,0,615
8_16_2025,TLC Farms,0,0,0,1000
8_16_2025,Tres Manos Coffee,0,0,10,506
8_16_2025,TruJamaica,0,0,0,432
8_16_2025,Violette Bakery,0,0,0,400
8_16_2025,Waco Downtown Farmers Market,0,0,0,319
8_16_2025,Whiskey Hill Turnings,0,0,0,590
8_16_2025,Yallatizers,0,0,0,1900
8_16_2025,Yield Here Farms,9,14,0,160
8_23_2025,Around the World Bakery,0,0,0,155
8_23_2025,Ary Land & Cattle,0,0,0,325
8_23_2025,ATX Jerky,17,0,0,1041
8_23_2025,Audrey's Pawstries,0,0,3,290
8_23_2025,Bird Song Lavender,0,0,0,0
8_23_2025,Bonnet Farm,0,46,4,1100
8_23_2025,Bud's Lemonade,0,0,0,1251
8_23_2025,Brazos Valley Cheese,20,0,0,2421
8_23_2025,Broken Grain Baking Co.,26,0,0,2100
8_23_2025,Cha Community,0,0,0,768
8_23_2025,Chapultepec Farm,0,0,0,412
8_23_2025,Chef Flaco's Salsa,10,0,0,700
8_23_2025,Clay by Denae,0,0,0,1127
8_23_2025,Designs with Jamie,0,0,5,533
8_23_2025,Don't Eat Beads,0,0,0,493
8_23_2025,Dresden Specialty Meats,0,0,0,1050
8_23_2025,Foundations Farm,0,0,0,267
8_23_2025,Fruits of Life,0,0,0,586
8_23_2025,Hay Ewe Ranch LLC,0,21,0,105
8_23_2025,Heritage Food Crafters,0,0,0,786
8_23_2025,Hutto Soap & Candle Co,0,0,0,242
8_23_2025,Iron Bridge Coffee,17,0,0,421
8_23_2025,Katharos Baking Co,0,0,0,1000
8_23_2025,Kurbside Coffee,0,0,0,607
8_23_2025,La Frescura,10,0,10,520
8_23_2025,L'Atelier Fromager,0,0,0,480
8_23_2025,Le MONADE,0,0,0,428
8_23_2025,Lightsey Farms,0,16,0,815
8_23_2025,Lil Mo's Tamales,0,0,0,230
8_23_2025,Luna Clean Food Cafe,36,0,0,992
8_23_2025,Mama D's Pickles and Jams,21,0,171,500
8_23_2025,Mike's Makes,27,0,10,820
8_23_2025,Muchos Tacos,0,0,0,2051
8_23_2025,the New Plate,0,0,0,395
8_23_2025,No Label Mushrooms,3,0,0,700
8_23_2025,Ohana Freeze Dried Market,0,0,0,602
8_23_2025,Peach is Good,0,0,0,2372
8_23_2025,Pink Cheeks Studio,0,0,0,374
8_23_2025,Purpose,0,0,0,438
8_23_2025,Quesadilla Factory,0,0,25,1375
8_23_2025,Remedy Design Shop,0,0,0,1000
8_23_2025,Rocky Gutter Homestead,0,0,30,975
8_23_2025,Round Rock Honey,7,0,0,280
8_23_2025,Shar's Plants & Jewelry,0,0,0,219
8_23_2025,Sison Tacos,0,0,5,800
8_23_2025,Southern Sisters Soaps,0,0,0,413
8_23_2025,Super Blooms Flower Farm,0,0,0,684
8_23_2025,Tasty Amy's,0,0,0,397
8_23_2025,TLC Farms,0,0,0,600
8_23_2025,Tres Manos Coffee,0,0,0,588
8_23_2025,TruJamaica,0,0,5,375
8_23_2025,Violette Bakery,20,0,0,370
8_23_2025,Whitestone Pastures,15,0,0,1006
8_23_2025,Yallatizers,18,0,0,1500
8_23_2025,Yield Here Farms,0,0,0,124
8_2_2025,Alili Bold Accessories,0,0,0,360
8_2_2025,Around the World Bakery,5,0,0,355
8_2_2025,ATX Jerky,20,0,0,675
8_2_2025,Audrey's Pawstries,0,0,0,250
8_2_2025,Bird Song Lavender,0,0,0,310
8_2_2025,Bonnet Farm,8,41,5,1600
8_2_2025,Bud's Lemonade,0,0,30,775
8_2_2025,Brazos Valley Cheese,0,0,0,1925
8_2_2025,Broken Grain Baking Co.,33,0,0,2201
8_2_2025,C323 Woodworking,0,0,0,500
8_2_2025,Chapultepec Farm,15,0,0,423
8_2_2025,Chef Flaco's Salsa,0,0,0,650
8_2_2025,Churros la Catrina,10,0,0,900
8_2_2025,Copperhead Creek Jewelry,0,0,0,295
8_2_2025,Don't Eat Beads,0,0,0,343
8_2_2025,Dresden Specialty Meats,19,0,0,650
8_2_2025,Foundations Farm,8,0,0,335
8_2_2025,Fruits of Life,0,0,0,384
8_2_2025,Hay Ewe Ranch LLC,0,0,0,74
8_2_2025,Heritage Coffee,0,0,5,741
8_2_2025,Heritage Food Crafters,0,0,0,587
8_2_2025,Honeymoon Farm,18,18,0,335
8_2_2025,Hutto Soap & Candle Co,0,0,0,199
8_2_2025,Katharos Baking Co,19,0,0,800
8_2_2025,Kurbside Coffee,0,0,0,629
8_2_2025,La Frescura,0,0,0,638
8_2_2025,L'Atelier Fromager,0,0,0,116
8_2_2025,Lightsey Farms,8,28,50,825
8_2_2025,Luna Clean Food Cafe,12,0,0,615
8_2_2025,Mama D's Pickles and Jams,0,0,166,300
8_2_2025,Mike's Makes,6,0,0,476
8_2_2025,Muchos Tacos,0,0,0,1837
8_2_2025,No Label Mushrooms,4,12,0,870
8_2_2025,Ohana Freeze Dried Market,0,0,0,436
8_2_2025,Passion Gardens,0,0,0,250
8_2_2025,Peach is Good,8,26,20,1737
8_2_2025,Purpose,0,0,0,582
8_2_2025,Quesadilla Factory,0,0,0,1100
8_2_2025,Remedy Design Shop,0,0,0,650
8_2_2025,Rocky Gutter Homestead,50,0,0,770
8_2_2025,Round Rock Honey,0,0,0,550
8_2_2025,Shar's Plants & Jewelry,0,0,0,224
8_2_2025,Sison Tacos,0,0,30,800
8_2_2025,Southern Sisters Soaps,0,0,0,499
8_2_2025,Tasty Amy's,0,0,0,432
8_2_2025,TLC Farms,0,0,0,600
8_2_2025,Tres Manos Coffee,0,0,0,504
8_2_2025,TruJamaica,0,0,5,333
8_2_2025,Waco Downtown Farmers Market,0,0,11,442
8_2_2025,Yallatizers,0,0,20,1800
8_2_2025,Yield Here Farms,0,8,10,76
8_30_2025,Around the World Bakery,0,0,5,343
8_30_2025,Ary Land & Cattle,0,0,0,405
8_30_2025,ATX Jerky,12,0,0,1571
8_30_2025,Audrey's Pawstries,0,0,0,400
8_30_2025,Bonnet Farm,10,8,40,900
8_30_2025,Bud's Lemonade,0,0,0,904
8_30_2025,Brazos Valley Cheese,0,0,0,1900
8_30_2025,Broken Grain Baking Co.,6,0,0,2100
8_30_2025,C323 Woodworking,0,0,0,500
8_30_2025,Cha Community,0,0,0,955
8_30_2025,Chapultepec Farm,0,0,0,735
8_30_2025,Chef Flaco's Salsa,0,0,5,800
8_30_2025,Churros la Catrina,9,0,0,700
8_30_2025,Clay by Denae,0,0,0,1393
8_30_2025,Don't Eat Beads,0,0,0,436
8_30_2025,Dresden Specialty Meats,0,0,0,1100
8_30_2025,Foundations Farm,0,0,0,351
8_30_2025,Fruits of Life,0,0,0,768
8_30_2025,Hay Ewe Ranch LLC,0,0,10,92
8_30_2025,Heritage Coffee,0,0,0,1144
8_30_2025,Heritage Food Crafters,0,0,0,1125
8_30_2025,Hutto Soap & Candle Co,0,0,0,426
8_30_2025,Iron Bridge Coffee,0,0,0,470
8_30_2025,Katharos Baking Co,0,0,0,1000
8_30_2025,Knots with Sofia,0,0,0,207
8_30_2025,Kurbside Coffee,0,0,0,904
8_30_2025,La Frescura,0,0,8,650
8_30_2025,L'Atelier Fromager,0,0,0,331
8_30_2025,Le MONADE,0,0,0,412
8_30_2025,Lightsey Farms,0,18,42,650
8_30_2025,Luna Clean Food Cafe,0,0,0,910
8_30_2025,Mike's Makes,0,0,0,525
8_30_2025,Muchos Tacos,0,0,20,2004
8_30_2025,No Label Mushrooms,0,0,0,820
8_30_2025,Ohana Freeze Dried Market,10,0,0,633
8_30_2025,Passion Gardens,0,16,0,300
8_30_2025,Peach is Good,2,56,0,3290
8_30_2025,Purpose,0,0,0,630
8_30_2025,Quesadilla Factory,0,0,0,1054
8_30_2025,Rancho Martinez Kitchen,0,0,0,874
8_30_2025,Remedy Design Shop,0,0,0,1100
8_30_2025,Rocky Gutter Homestead,8,0,20,975
8_30_2025,Round Rock Honey,0,0,0,320
8_30_2025,Shar's Plants & Jewelry,0,0,0,350
8_30_2025,Southern Sisters Soaps,0,0,0,463
8_30_2025,TLC Farms,0,0,0,500
8_30_2025,TruJamaica,0,0,0,259
8_30_2025,Yallatizers,0,0,0,1700
8_30_2025,Yield Here Farms,0,16,5,108
8_9_2025,Alili Bold Accessories,0,0,0,280
8_9_2025,Around the World Bakery,5,0,0,341
8_9_2025,ATX Jerky,12,0,0,1636
8_9_2025,Audrey's Pawstries,0,0,0,325
8_9_2025,Bonnet Farm,7,13,40,1300
8_9_2025,Bud's Lemonade,0,0,13,691
8_9_2025,Brazos Valley Cheese,0,0,0,1818
8_9_2025,Broken Grain Baking Co.,42,0,0,2200
8_9_2025,C323 Woodworking,0,0,0,700
8_9_2025,Cha Community,0,0,20,800
8_9_2025,Chapultepec Farm,180,0,0,1160
8_9_2025,Chef Flaco's Salsa,0,0,0,700
8_9_2025,Don't Eat Beads,0,0,0,343
8_9_2025,Dresden Specialty Meats,20,0,0,920
8_9_2025,Foundations Farm,8,0,10,254
8_9_2025,Frenchie Daddy French Toast,0,0,0,394
8_9_2025,Fruits of Life,0,0,0,291
8_9_2025,Hay Ewe Ranch LLC,0,0,0,150
8_9_2025,Heritage Coffee,0,0,0,715
8_9_2025,Iron Bridge Coffee,0,0,0,475
8_9_2025,Katharos Baking Co,3,0,30,700
8_9_2025,Kurbside Coffee,0,0,0,549
8_9_2025,La Frescura,0,0,10,750
8_9_2025,L'Atelier Fromager,0,0,0,299
8_9_2025,Lightsey Farms,30,76,40,1000
8_9_2025,Luna Clean Food Cafe,24,0,0,912
8_9_2025,Macabre Maven,0,0,0,168
8_9_2025,Mike's Makes,5,0,0,533
8_9_2025,the New Plate,0,0,8,443
8_9_2025,No Label Mushrooms,2,22,0,780
8_9_2025,Ohana Freeze Dried Market,12,0,0,360
8_9_2025,Passion Gardens,11,17,0,300
8_9_2025,Peach is Good,7,51,10,1610
8_9_2025,Purpose,0,0,0,837
8_9_2025,Quesadilla Factory,0,0,0,1153
8_9_2025,Rancho Martinez Kitchen,6,0,0,816
8_9_2025,Remedy Design Shop,0,0,50,850
8_9_2025,Rocky Gutter Homestead,0,0,0,780
8_9_2025,Round Rock Honey,0,0,0,550
8_9_2025,Shar's Plants & Jewelry,20,0,0,201
8_9_2025,Sison Tacos,0,0,0,801
8_9_2025,Southern Sisters Soaps,0,0,0,824
8_9_2025,Sweet & Sourdough,0,0,0,221
8_9_2025,TLC Farms,0,0,10,800
8_9_2025,Tres Manos Coffee,0,0,0,462
8_9_2025,TruJamaica,0,0,0,234
8_9_2025,Waco Downtown Farmers Market,0,0,0,531
8_9_2025,Whitestone Pastures,50,0,0,377
8_9_2025,Yallatizers,0,0,0,1500
8_9_2025,Yield Here Farms,0,0,0,180
9_10_2025,Ary Land & Cattle,0,0,0,85
9_10_2025,Armstrong's Bayou Cafe,0,0,15,833
9_10_2025,From The Vault,0,0,0,400
9_10_2025,Barking Mutt Bakery,0,0,0,74
9_10_2025,Cha Community,0,0,2,571
9_10_2025,Churros la Catrina,0,0,0,585
9_10_2025,Clay by Denae,0,0,0,292
9_10_2025,Copperhead Creek Jewelry,0,0,0,100
9_10_2025,Don't Eat Beads,0,0,0,45
9_10_2025,Dresden Specialty Meats,0,0,0,230
9_10_2025,Gen8tikz,0,0,0,90
9_10_2025,Honeymoon Farm,6,3,5,121
9_10_2025,La Frescura,0,0,11,450
9_10_2025,L'Atelier Fromager,0,0,0,80
9_10_2025,Le's Kitchen,0,0,30,800
9_10_2025,Lorenny Bakes,0,0,0,93
9_10_2025,Luna Clean Food Cafe,0,0,0,438
9_10_2025,Mike's Makes,0,0,0,158
9_10_2025,Purpose,0,0,0,129
9_10_2025,Quesadilla Factory,0,0,0,750
9_10_2025,Remedy Design Shop,0,0,0,220
9_10_2025,Rocky Gutter Homestead,0,0,0,355
9_10_2025,Saving Face Farm,0,17,0,66
9_10_2025,Shar's Plants & Jewelry,0,0,0,170
9_10_2025,Small House Sourdough,24,0,0,195
9_13_2025,Alili Bold Accessories,0,0,0,280
9_13_2025,Ary Land & Cattle,0,0,0,235
9_13_2025,ATX Jerky,0,0,0,1032
9_13_2025,Audrey's Pawstries,0,0,0,425
9_13_2025,Bird Song Lavender,0,0,0,485
9_13_2025,Bud's Lemonade,0,0,5,1344
9_13_2025,Brazos Valley Cheese,0,0,0,2270
9_13_2025,Broken Grain Baking Co.,10,0,0,1600
9_13_2025,C323 Woodworking,0,0,0,500
9_13_2025,Cha Community,0,0,0,960
9_13_2025,Chapultepec Farm,0,0,0,433
9_13_2025,Chef Flaco's Salsa,0,0,0,800
9_13_2025,Churros la Catrina,20,0,0,1175
9_13_2025,Clay by Denae,0,0,0,926
9_13_2025,Copperhead Creek Jewelry,0,0,0,450
9_13_2025,Don't Eat Beads,0,0,0,191
9_13_2025,Dresden Specialty Meats,0,0,0,800
9_13_2025,Foundations Farm,12,0,15,347
9_13_2025,Fruits of Life,0,0,0,632
9_13_2025,Heritage Coffee,0,0,0,764
9_13_2025,Heritage Food Crafters,0,0,0,1121
9_13_2025,Hutto Soap & Candle Co,0,0,0,300
9_13_2025,Iron Bridge Coffee,0,0,0,480
9_13_2025,Kalbas Farms,0,5,0,390
9_13_2025,Katharos Baking Co,0,0,0,1400
9_13_2025,Kurbside Coffee,0,0,0,446
9_13_2025,La Frescura,0,0,0,0
9_13_2025,L'Atelier Fromager,0,0,0,260
9_13_2025,Le's Kitchen,0,0,15,426
9_13_2025,Le MONADE,0,0,0,536
9_13_2025,Luna Clean Food Cafe,8,0,0,844
9_13_2025,Mama D's Pickles and Jams,35,0,76,250
9_13_2025,Mike's Makes,0,0,0,660
9_13_2025,Muchos Tacos,0,0,0,2201
9_13_2025,No Label Mushrooms,0,5,0,800
9_13_2025,Norma's Florals,0,0,0,454
9_13_2025,Ohana Freeze Dried Market,0,0,0,515
9_13_2025,Passion Gardens,28,19,0,200
9_13_2025,Peach is Good,41,102,0,2600
9_13_2025,Pink Cheeks Studio,0,0,0,520
9_13_2025,Purpose,0,0,0,571
9_13_2025,Quesadilla Factory,0,0,0,1420
9_13_2025,Rancho Martinez Kitchen,0,0,0,873
9_13_2025,Remedy Design Shop,0,0,0,1200
9_13_2025,Rocky Gutter Homestead,10,0,0,790
9_13_2025,Round Rock Honey,0,0,0,300
9_13_2025,Shar's Plants & Jewelry,0,0,0,220
9_13_2025,Small House Sourdough,11,0,0,256
9_13_2025,Southern Sisters Soaps,0,0,0,487
9_13_2025,Teresita's Birria,0,0,0,393
9_13_2025,TLC Farms,0,0,0,600
9_13_2025,Tres Manos Coffee,0,0,0,334
9_13_2025,TruJamaica,0,0,0,314
9_13_2025,Valley Mills Vineyards,0,0,0,403
9_13_2025,Violette Bakery,13,0,0,800
9_13_2025,Yallatizers,0,0,0,1700
9_17_2025,Armstrong's Bayou Cafe,0,0,15,440
9_17_2025,Ary Land & Cattle,0,0,0,160
9_17_2025,Barking Mutt Bakery,0,0,0,102
9_17_2025,Bud's Lemonade,0,0,5,359
9_17_2025,Bridge Troll Customs,0,0,0,50
9_17_2025,Cha Community,0,0,0,750
9_17_2025,Churros la Catrina,0,0,10,400
9_17_2025,Copperhead Creek Jewelry,0,0,0,220
9_17_2025,Don't Eat Beads,0,0,0,105
9_17_2025,Dresden Specialty Meats,0,0,0,130
9_17_2025,Gen8tikz,0,0,0,63
9_17_2025,Honeymoon Farm,0,9,0,155
9_17_2025,La Frescura,0,0,3,250
9_17_2025,L'Atelier Fromager,7,0,0,94
9_17_2025,Lorenny Bakes,0,0,0,150
9_17_2025,Luna Clean Food Cafe,8,0,0,172
9_17_2025,Mike's Makes,0,0,0,163
9_17_2025,National Women in Agriculture,0,7,0,14
9_17_2025,Passion Gardens,0,0,0,55
9_17_2025,Purpose,0,0,0,240
9_17_2025,Quesadilla Factory,0,0,30,750
9_17_2025,Remedy Design Shop,0,0,0,150
9_17_2025,Rocky Gutter Homestead,0,0,0,295
9_17_2025,Shar's Plants & Jewelry,0,0,0,157
9_17_2025,Small House Sourdough,30,0,0,251
9_17_2025,ZZ's Cookies,0,0,0,55
9_20_2025,Alili Bold Accessories,0,0,0,400
9_20_2025,Around the World Bakery,0,0,0,251
9_20_2025,Ary Land & Cattle,0,0,0,380
9_20_2025,ATX Jerky,0,0,0,1332
9_20_2025,Audrey's Pawstries,0,0,0,200
9_20_2025,Bud's Lemonade,0,0,5,1480
9_20_2025,Brazos Valley Cheese,0,0,0,2100
9_20_2025,Broken Grain Baking Co.,17,0,0,2200
9_20_2025,C323 Woodworking,0,0,0,600
9_20_2025,Cha Community,0,0,0,1184
9_20_2025,Chapultepec Farm,10,0,8,619
9_20_2025,Chef Flaco's Salsa,10,0,0,580
9_20_2025,Clay by Denae,0,0,0,1051
9_20_2025,Copperhead Creek Jewelry,0,0,0,400
9_20_2025,Designs with Jamie,0,0,5,862
9_20_2025,Don't Eat Beads,0,0,0,332
9_20_2025,Dresden Specialty Meats,27,0,0,750
9_20_2025,Foundations Farm,0,0,0,298
9_20_2025,Fruits of Life,0,0,0,477
9_20_2025,Hay Ewe Ranch LLC,0,6,0,101
9_20_2025,Heritage Coffee,0,0,10,1061
9_20_2025,Heritage Food Crafters,0,0,0,1020
9_20_2025,Iron Bridge Coffee,0,0,0,543
9_20_2025,Kalbas Farms,0,0,0,472
9_20_2025,Katharos Baking Co,7,0,0,1350
9_20_2025,Knots with Sofia,0,0,0,80
9_20_2025,Kurbside Coffee,0,0,0,456
9_20_2025,La Frescura,0,0,8,600
9_20_2025,L'Atelier Fromager,0,0,0,534
9_20_2025,Le's Kitchen,0,0,20,496
9_20_2025,Le MONADE,0,0,0,549
9_20_2025,Luna Clean Food Cafe,0,0,0,890
9_20_2025,Macabre Maven,0,0,0,212
9_20_2025,Mama D's Pickles and Jams,0,0,158,300
9_20_2025,Mike's Makes,0,0,0,400
9_20_2025,Muchos Tacos,0,0,15,2672
9_20_2025,the New Plate,8,0,0,396
9_20_2025,Newton's Luxe Pantry,0,0,0,642
9_20_2025,No Label Mushrooms,0,15,0,750
9_20_2025,Norma's Florals,0,0,0,258
9_20_2025,Ohana Freeze Dried Market,0,0,0,612
9_20_2025,Passion Gardens,0,0,0,300
9_20_2025,Pink Cheeks Studio,0,0,0,1400
9_20_2025,Purpose,0,0,0,738
9_20_2025,Quesadilla Factory,0,0,25,1320
9_20_2025,Rancho Martinez Kitchen,0,0,0,882
9_20_2025,Remedy Design Shop,0,0,0,800
9_20_2025,Rocky Gutter Homestead,10,0,26,950
9_20_2025,Round Rock Honey,0,0,0,300
9_20_2025,Shar's Plants & Jewelry,0,0,0,271
9_20_2025,Sison Tacos,0,0,0,900
9_20_2025,Small House Sourdough,0,0,0,630
9_20_2025,Southern Sisters Soaps,0,0,0,839
9_20_2025,The Spoonery,0,0,0,500
9_20_2025,Super Blooms Flower Farm,0,0,0,790
9_20_2025,Sweet & Sourdough,10,0,0,528
9_20_2025,Tasty Amy's,0,0,25,670
9_20_2025,Teresita's Birria,0,0,0,0
9_20_2025,Tres Manos Coffee,0,0,0,531
9_20_2025,TruJamaica,0,0,0,278
9_20_2025,Urban Reap,0,0,0,244
9_20_2025,Valley Mills Vineyards,0,0,0,641
9_20_2025,Violette Bakery,0,0,0,630
9_20_2025,Whiskey Hill Turnings,0,0,0,1115
9_20_2025,Whitestone Pastures,0,0,0,670
9_20_2025,Yallatizers,8,0,0,1800
9_20_2025,Yield Here Farms,0,0,0,100
9_20_2025,Zandartistry,0,0,10,340
9_24_2025,Armstrong's Bayou Cafe,0,0,0,284
9_24_2025,Ary Land & Cattle,20,0,0,180
9_24_2025,From The Vault,0,0,0,300
9_24_2025,Barking Mutt Bakery,0,0,0,40
9_24_2025,Bud's Lemonade,0,0,5,177
9_24_2025,Cha Community,0,0,0,320
9_24_2025,Churros la Catrina,12,0,0,322
9_24_2025,Copperhead Creek Jewelry,0,0,0,40
9_24_2025,Don't Eat Beads,0,0,0,79
9_24_2025,Dresden Specialty Meats,0,0,0,75
9_24_2025,Gen8tikz,0,0,0,8
9_24_2025,Honeymoon Farm,14,0,0,84
9_24_2025,La Frescura,0,0,0,150
9_24_2025,L'Atelier Fromager,3,0,0,158
9_24_2025,Le's Kitchen,0,0,20,624
9_24_2025,Lorenny Bakes,0,0,0,65
9_24_2025,Luna Clean Food Cafe,8,0,0,128
9_24_2025,Mike's Makes,0,0,5,115
9_24_2025,Purpose,0,0,0,102
9_24_2025,Quesadilla Factory,0,0,10,400
9_24_2025,Remedy Design Shop,0,0,0,150
9_24_2025,Rocky Gutter Homestead,0,0,0,320
9_27_2025,Alili Bold Accessories,0,0,0,375
9_27_2025,Around the World Bakery,0,0,0,297
9_27_2025,ATX Jerky,27,0,0,1795
9_27_2025,Audrey's Pawstries,0,0,0,450
9_27_2025,Bud's Lemonade,0,0,5,1782
9_27_2025,Brazos Valley Cheese,0,0,0,2172
9_27_2025,Broken Grain Baking Co.,23,0,0,2500
9_27_2025,C323 Woodworking,0,0,0,600
9_27_2025,Cha Community,0,0,65,1445
9_27_2025,Chapultepec Farm,0,0,0,873
9_27_2025,Chef Flaco's Salsa,0,0,0,800
9_27_2025,Churros la Catrina,0,0,0,1058
9_27_2025,Clay by Denae,0,0,0,1138
9_27_2025,Copperhead Creek Jewelry,0,0,0,715
9_27_2025,Don't Eat Beads,0,0,10,498
9_27_2025,Dresden Specialty Meats,38,0,0,1305
9_27_2025,Elisa Morse,0,0,0,515
9_27_2025,Emily Martinka Pottery,0,0,15,1565
9_27_2025,Foundations Farm,8,0,15,335
9_27_2025,Fruits of Life,0,0,0,650
9_27_2025,Handmade Waco,0,0,0,764
9_27_2025,Hay Ewe Ranch LLC,0,0,0,85
9_27_2025,Heritage Coffee,0,0,55,935
9_27_2025,Heritage Food Crafters,0,0,5,864
9_27_2025,Hutto Soap & Candle Co,0,0,0,392
9_27_2025,Iron Bridge Coffee,0,0,0,429
9_27_2025,Kalbas Farms,0,28,0,597
9_27_2025,Katharos Baking Co,26,0,0,1450
9_27_2025,Knots with Sofia,0,0,0,222
9_27_2025,Kurbside Coffee,0,0,0,598
9_27_2025,La Frescura,0,0,0,500
9_27_2025,L'Atelier Fromager,0,0,0,563
9_27_2025,Le's Kitchen,0,0,10,319
9_27_2025,Le MONADE,0,0,0,472
9_27_2025,Little Threads by Emily,0,0,0,434
9_27_2025,Luna Clean Food Cafe,16,0,10,1196
9_27_2025,Mike's Makes,21,0,0,679
9_27_2025,Muchos Tacos,0,0,0,2760
9_27_2025,No Label Mushrooms,2,10,0,1100
9_27_2025,Norma's Florals,0,0,0,413
9_27_2025,Ohana Freeze Dried Market,0,0,0,777
9_27_2025,Passion Gardens,0,0,0,250
9_27_2025,Purpose,0,0,0,688
9_27_2025,Quesadilla Factory,0,0,30,1735
9_27_2025,Rancho Martinez Kitchen,0,0,0,907
9_27_2025,Remedy Design Shop,0,0,0,850
9_27_2025,Rocky Gutter Homestead,16,0,0,1230
9_27_2025,Round Rock Honey,0,0,0,450
9_27_2025,Shar's Plants & Jewelry,0,0,0,193
9_27_2025,Sison Tacos,0,0,0,800
9_27_2025,Southern Sisters Soaps,0,0,0,598
9_27_2025,Sweet & Sourdough,0,0,0,587
9_27_2025,Symphony Candle Co.,0,0,0,620
9_27_2025,Teresita's Birria,0,0,0,275
9_27_2025,TLC Farms,0,0,20,1000
9_27_2025,Tres Manos Coffee,0,0,28,561
9_27_2025,TruJamaica,0,0,0,271
9_27_2025,Valley Mills Vineyards,0,0,0,363
9_27_2025,Violette Bakery,0,0,5,740
9_27_2025,Whitestone Pastures,0,0,0,640
9_27_2025,Yallatizers,8,0,10,2000
9_27_2025,Yield Here Farms,0,0,0,100
9_3_2025,2Pickled,0,0,0,125
9_3_2025,Armstrong's Bayou Cafe,0,0,0,1325
9_3_2025,Ary Land & Cattle,0,0,0,125
9_3_2025,From The Vault,0,0,0,350
9_3_2025,Barking Mutt Bakery,0,0,0,89
9_3_2025,Bud's Lemonade,0,0,0,548
9_3_2025,Cha Community,0,0,0,550
9_3_2025,Chef Flaco's Salsa,9,0,0,142
9_3_2025,Churros la Catrina,9,0,5,600
9_3_2025,Copperhead Creek Jewelry,0,0,0,40
9_3_2025,Don't Eat Beads,0,0,0,79
9_3_2025,Dresden Specialty Meats,0,0,10,300
9_3_2025,Gen8tikz,0,0,0,215
9_3_2025,Honeymoon Farm,0,0,0,116
9_3_2025,La Frescura,0,0,5,250
9_3_2025,L'Atelier Fromager,10,0,0,134
9_3_2025,Le's Kitchen,0,0,10,750
9_3_2025,Le MONADE,0,0,0,260
9_3_2025,Lorenny Bakes,0,0,5,133
9_3_2025,Luna Clean Food Cafe,0,0,0,190
9_3_2025,Mike's Makes,0,0,0,205
9_3_2025,National Women in Agriculture,0,14,0,48
9_3_2025,Passion Gardens,0,0,0,30
9_3_2025,Purpose,0,0,0,53
9_3_2025,Remedy Design Shop,0,0,0,380
9_3_2025,Rocky Gutter Homestead,0,0,0,320
9_3_2025,Saving Face Farm,0,8,0,92
9_3_2025,Shar's Plants & Jewelry,0,0,0,110
9_3_2025,Small House Sourdough,0,0,0,200
9_3_2025,ZZ's Cookies,0,0,10,55
9_6_2025,Ary Land & Cattle,0,0,0,410
9_6_2025,ATX Jerky,6,0,8,824
9_6_2025,Bird Song Lavender,0,0,0,409
9_6_2025,Bud's Lemonade,0,0,10,197
9_6_2025,Brazos Valley Cheese,0,0,0,1500
9_6_2025,Broken Grain Baking Co.,45,0,0,2100
9_6_2025,Cha Community,0,0,10,660
9_6_2025,Chapultepec Farm,0,0,0,555
9_6_2025,Chef Flaco's Salsa,0,0,0,800
9_6_2025,Copperhead Creek Jewelry,0,0,0,110
9_6_2025,Don't Eat Beads,0,0,0,212
9_6_2025,Dresden Specialty Meats,0,0,0,1100
9_6_2025,Foundations Farm,10,0,0,294
9_6_2025,Fruits of Life,0,0,0,248
9_6_2025,Hay Ewe Ranch LLC,0,8,0,216
9_6_2025,Hutto Soap & Candle Co,0,0,0,434
9_6_2025,Katharos Baking Co,0,0,0,1300
9_6_2025,Kurbside Coffee,0,0,0,419
9_6_2025,La Frescura,0,0,0,400
9_6_2025,L'Atelier Fromager,8,0,0,343
9_6_2025,Le's Kitchen,0,0,10,452
9_6_2025,Le MONADE,0,0,0,289
9_6_2025,Little Threads by Emily,0,0,0,427
9_6_2025,Luna Clean Food Cafe,20,0,0,600
9_6_2025,Macabre Maven,5,0,0,195
9_6_2025,Mike's Makes,0,0,10,751
9_6_2025,the New Plate,0,0,0,462
9_6_2025,No Label Mushrooms,30,0,0,1120
9_6_2025,Norma's Florals,0,0,0,361
9_6_2025,Ohana Freeze Dried Market,0,0,0,410
9_6_2025,Passion Gardens,0,0,0,150
9_6_2025,Peach is Good,23,52,25,2140
9_6_2025,Purpose,0,0,0,641
9_6_2025,Quesadilla Factory,0,0,0,1400
9_6_2025,Remedy Design Shop,0,0,0,800
9_6_2025,Rocky Gutter Homestead,0,0,25,680
9_6_2025,Round Rock Honey,0,0,0,300
9_6_2025,Shar's Plants & Jewelry,0,0,0,228
9_6_2025,Sison Tacos,0,0,0,600
9_6_2025,Small House Sourdough,0,0,10,354
9_6_2025,Southern Sisters Soaps,0,0,0,475
9_6_2025,Teresita's Birria,0,0,0,515
9_6_2025,TLC Farms,0,0,0,770
9_6_2025,Tres Manos Coffee,0,0,14,560
9_6_2025,Valley Mills Vineyards,0,0,0,360
9_6_2025,Violette Bakery,5,0,0,665
9_6_2025,Whitestone Pastures,0,0,10,420
9_6_2025,Yallatizers,0,0,0,1500
10_11_2025,Alba's Pupusas,0,0,265,465
10_11_2025,Alili Bold Accessories,0,0,0,425
10_11_2025,Armstrong's Bayou Cafe,0,0,0,392
10_11_2025,Ary Land & Cattle,0,0,0,300
10_11_2025,ATX Jerky,16,0,0,1820
10_11_2025,Audrey's Pawstries,0,0,0,0
10_11_2025,Bird Song Lavender,0,0,0,480
10_11_2025,Bonnet Farm,1,75,10,900
10_11_2025,Bud's Lemonade,0,0,10,850
10_11_2025,Brazos Valley Cheese,0,0,0,1900
10_11_2025,Broken Grain Baking Co.,26,0,0,2300
10_11_2025,C323 Woodworking,0,0,10,400
10_11_2025,Cha Community,0,0,10,960
10_11_2025,Chapultepec Farm,0,0,0,345
10_11_2025,Chef Flaco's Salsa,10,0,0,800
10_11_2025,Copperhead Creek Jewelry,0,0,0,315
10_11_2025,Don't Eat Beads,0,0,0,237
10_11_2025,Dresden Specialty Meats,0,0,0,800
10_11_2025,Foundations Farm,0,0,0,331
10_11_2025,Fruits of Life,0,0,0,291
10_11_2025,Handmade Waco,0,0,10,513
10_11_2025,Hay Ewe Ranch LLC,0,0,0,115
10_11_2025,Heritage Coffee,0,0,0,807
10_11_2025,Heritage Food Crafters,0,0,0,648
10_11_2025,Honeymoon Farm,7,3,0,438
10_11_2025,Hutto Soap & Candle Co,0,0,0,696
10_11_2025,Iron Bridge Coffee,0,0,5,778
10_11_2025,Kalbas Farms,0,18,0,723
10_11_2025,Knots with Sofia,0,0,0,160
10_11_2025,Kurbside Coffee,0,0,15,489
10_11_2025,La Frescura,0,0,15,300
10_11_2025,L'Atelier Fromager,5,0,0,363
10_11_2025,Le's Kitchen,0,0,0,376
10_11_2025,Le MONADE,0,0,0,428
10_11_2025,Lightsey Farms,2,28,15,1020
10_11_2025,Luna Clean Food Cafe,25,0,0,958
10_11_2025,Mama D's Pickles and Jams,28,0,169,300
10_11_2025,Mike's Makes,0,0,10,635
10_11_2025,Muchos Tacos,0,0,10,1832
10_11_2025,the New Plate,0,0,0,345
10_11_2025,No Label Mushrooms,1,15,7,900
10_11_2025,Norma's Florals,0,0,0,241
10_11_2025,Ohana Freeze Dried Market,18,0,0,517
10_11_2025,Passion Gardens,0,0,0,150
10_11_2025,Purpose,0,0,0,526
10_11_2025,Quesadilla Factory,0,0,10,1100
10_11_2025,Rancho Martinez Kitchen,0,0,0,764
10_11_2025,Remedy Design Shop,0,0,0,1020
10_11_2025,Rocky Gutter Homestead,0,0,0,890
10_11_2025,Round Rock Honey,0,0,0,150
10_11_2025,Shar's Plants & Jewelry,0,0,0,293
10_11_2025,Sison Tacos,0,0,15,800
10_11_2025,Southern Sisters Soaps,0,0,0,680
10_11_2025,Sweet & Sourdough,0,0,0,0
10_11_2025,Symphony Candle Co.,0,0,0,350
10_11_2025,TLC Farms,0,0,0,925
10_11_2025,Tres Manos Coffee,0,0,13,546
10_11_2025,TruJamaica,0,0,5,347
10_11_2025,Valley Mills Vineyards,0,0,0,556
10_11_2025,Violette Bakery,15,0,0,450
10_11_2025,Yallatizers,0,0,0,1600
10_11_2025,Yield Here Farms,0,0,0,100
10_18_2025,Around the World Bakery,0,0,10,355
10_18_2025,Armstrong's Bayou Cafe,0,0,15,457
10_18_2025,Ary Land & Cattle,0,0,0,400
10_18_2025,ATX Jerky,0,0,0,1101
10_18_2025,Audrey's Pawstries,0,0,0,125
10_18_2025,Bird Song Lavender,0,0,0,390
10_18_2025,Bonnet Farm,10,0,7,700
10_18_2025,Bud's Lemonade,0,0,35,962
10_18_2025,Brazos Valley Cheese,0,0,0,1300
10_18_2025,Broken Grain Baking Co.,6,0,19,2300
10_18_2025,C323 Woodworking,0,0,0,400
10_18_2025,Cha Community,0,0,0,1342
10_18_2025,Chapultepec Farm,0,0,0,447
10_18_2025,Chef Flaco's Salsa,0,0,0,700
10_18_2025,Churros la Catrina,0,0,10,1000
10_18_2025,Clay by Denae,0,0,0,423
10_18_2025,Designs with Jamie,0,0,0,712
10_18_2025,Don't Eat Beads,0,0,0,101
10_18_2025,Dresden Specialty Meats,0,0,0,850
10_18_2025,Elisa Morse,0,0,0,147
10_18_2025,Foundations Farm,0,0,0,225
10_18_2025,Fruits of Life,0,0,0,526
10_18_2025,Handmade Waco,0,0,0,460
10_18_2025,Hay Ewe Ranch LLC,0,0,10,164
10_18_2025,Heritage Coffee,0,0,17,1134
10_18_2025,Heritage Food Crafters,0,0,0,750
10_18_2025,Honeymoon Farm,0,6,0,320
10_18_2025,Hutto Soap & Candle Co,0,0,0,358
10_18_2025,Iron Bridge Coffee,0,0,0,444
10_18_2025,Kalbas Farms,0,12,5,723
10_18_2025,Katharos Baking Co,4,0,0,1050
10_18_2025,La Frescura,0,0,10,400
10_18_2025,L'Atelier Fromager,0,0,0,530
10_18_2025,Le MONADE,0,0,0,419
10_18_2025,Lightsey Farms,14,0,12,1125
10_18_2025,Little Threads by Emily,0,0,0,612
10_18_2025,Luna Clean Food Cafe,0,0,0,792
10_18_2025,Mama D's Pickles and Jams,7,0,233,350
10_18_2025,Mike's Makes,0,0,0,820
10_18_2025,Muchos Tacos,0,0,0,2202
10_18_2025,Newton's Luxe Pantry,0,0,0,0
10_18_2025,No Label Mushrooms,0,0,0,460
10_18_2025,Norma's Florals,0,0,0,325
10_18_2025,Ohana Freeze Dried Market,0,0,0,344
10_18_2025,Passion Gardens,0,0,0,150
10_18_2025,Pink Cheeks Studio,0,0,0,280
10_18_2025,Purpose,0,0,0,310
10_18_2025,Quesadilla Factory,0,0,0,1473
10_18_2025,Rancho Martinez Kitchen,0,0,0,600
10_18_2025,Remedy Design Shop,0,0,0,450
10_18_2025,Rocky Gutter Homestead,9,0,0,650
10_18_2025,Round Rock Honey,0,0,0,300
10_18_2025,Shar's Plants & Jewelry,0,0,0,125
10_18_2025,Sison Tacos,0,0,10,800
10_18_2025,Southern Sisters Soaps,0,0,0,744
10_18_2025,The Spoonery,0,0,0,585
10_18_2025,Sweet & Sourdough,34,0,0,419
10_18_2025,Symphony Candle Co.,0,0,0,340
10_18_2025,Tasty Amy's,0,0,0,799
10_18_2025,TruJamaica,0,0,0,321
10_18_2025,Urban Reap,0,29,15,417
10_18_2025,Valley Mills Vineyards,0,0,0,468
10_18_2025,Whiskey Hill Turnings,0,0,0,746
10_18_2025,Yallatizers,8,0,25,1200
10_18_2025,Yield Here Farms,0,0,0,68
10_1_2025,Armstrong's Bayou Cafe,0,0,0,888
10_1_2025,Ary Land & Cattle,0,0,0,80
10_1_2025,Barking Mutt Bakery,0,0,0,40
10_1_2025,Bud's Lemonade,0,0,0,435
10_1_2025,Cha Community,0,0,0,505
10_1_2025,Churros la Catrina,18,0,0,400
10_1_2025,Copperhead Creek Jewelry,0,0,0,405
10_1_2025,Don't Eat Beads,0,0,0,104
10_1_2025,Dresden Specialty Meats,0,0,0,285
10_1_2025,Gen8tikz,0,0,0,171
10_1_2025,Honeymoon Farm,0,0,0,133
10_1_2025,La Frescura,0,0,0,225
10_1_2025,L'Atelier Fromager,0,0,0,120
10_1_2025,Le's Kitchen,0,0,10,800
10_1_2025,Lorenny Bakes,4,0,0,126
10_1_2025,Luna Clean Food Cafe,8,0,0,334
10_1_2025,Mike's Makes,15,0,0,160
10_1_2025,Purpose,0,0,0,46
10_1_2025,Rocky Gutter Homestead,0,0,0,140
10_1_2025,Shar's Plants & Jewelry,0,0,0,100
10_1_2025,Small House Sourdough,0,0,0,267
10_25_2025,Alba's Pupusas,0,0,395,815
10_25_2025,Around the World Bakery,0,0,0,593
10_25_2025,Ary Land & Cattle,6,0,0,380
10_25_2025,ATX Jerky,17,0,0,928
10_25_2025,Audrey's Pawstries,0,0,0,250
10_25_2025,Bird Song Lavender,0,0,0,571
10_25_2025,Bonnet Farm,10,21,5,950
10_25_2025,Bud's Lemonade,0,0,0,323
10_25_2025,Brazos Valley Cheese,0,0,0,1265
10_25_2025,Broken Grain Baking Co.,24,0,0,1700
10_25_2025,Cha Community,0,0,10,1350
10_25_2025,Chef Flaco's Salsa,0,0,0,600
10_25_2025,Clay by Denae,0,0,0,1035
10_25_2025,Dresden Specialty Meats,0,0,0,1050
10_25_2025,Foundations Farm,6,0,0,298
10_25_2025,Fruits of Life,0,0,0,331
10_25_2025,Handmade Waco,0,0,0,333
10_25_2025,Hay Ewe Ranch LLC,0,8,0,392
10_25_2025,Heritage Coffee,0,0,0,772
10_25_2025,Honeymoon Farm,9,4,10,380
10_25_2025,Hutto Soap & Candle Co,0,0,0,705
10_25_2025,Kalbas Farms,2,5,0,800
10_25_2025,Katharos Baking Co,5,0,0,900
10_25_2025,Kurbside Coffee,0,0,0,550
10_25_2025,L'Atelier Fromager,0,0,0,524
10_25_2025,Lightsey Farms,1,32,10,1200
10_25_2025,Mike's Makes,0,0,0,875
10_25_2025,the New Plate,0,0,0,327
10_25_2025,No Label Mushrooms,9,20,0,900
10_25_2025,Purpose,0,0,0,930
10_25_2025,Remedy Design Shop,0,0,0,800
10_25_2025,Rocky Gutter Homestead,18,0,0,975
10_25_2025,Shar's Plants & Jewelry,0,0,0,175
10_25_2025,Symphony Candle Co.,0,0,0,410
10_25_2025,Valley Mills Vineyards,0,0,0,228
10_25_2025,Whitestone Pastures,0,0,0,510
10_25_2025,Yallatizers,9,0,5,1400
10_25_2025,Yield Here Farms,0,8,0,124
10_4_2025,Alili Bold Accessories,0,0,0,235
10_4_2025,Armstrong's Bayou Cafe,0,0,30,379
10_4_2025,Ary Land & Cattle,0,0,0,525
10_4_2025,ATX Jerky,0,0,0,1338
10_4_2025,Audrey's Pawstries,0,0,0,200
10_4_2025,Bud's Lemonade,0,0,10,856
10_4_2025,Brazos Valley Cheese,0,0,0,1533
10_4_2025,Broken Grain Baking Co.,0,0,0,2100
10_4_2025,C323 Woodworking,0,0,0,400
10_4_2025,Cha Community,0,0,0,920
10_4_2025,Chapultepec Farm,0,0,0,465
10_4_2025,Chef Flaco's Salsa,10,0,0,800
10_4_2025,Churros la Catrina,5,0,0,1350
10_4_2025,Clay by Denae,0,0,0,1000
10_4_2025,Copperhead Creek Jewelry,0,0,0,350
10_4_2025,Don't Eat Beads,0,0,0,460
10_4_2025,Dresden Specialty Meats,0,0,0,850
10_4_2025,Foundations Farm,0,0,0,179
10_4_2025,Fruits of Life,0,0,0,641
10_4_2025,Hay Ewe Ranch LLC,0,2,0,91
10_4_2025,Heritage Coffee,0,0,0,703
10_4_2025,Heritage Food Crafters,0,0,0,952
10_4_2025,Hutto Soap & Candle Co,0,0,0,197
10_4_2025,Kalbas Farms,0,7,10,632
10_4_2025,Katharos Baking Co,6,0,5,1200
10_4_2025,Knots with Sofia,0,0,0,94
10_4_2025,Kurbside Coffee,0,0,0,500
10_4_2025,La Frescura,0,0,10,450
10_4_2025,L'Atelier Fromager,0,0,0,555
10_4_2025,Le MONADE,0,0,0,325
10_4_2025,Lightsey Farms,0,42,0,980
10_4_2025,Little Threads by Emily,0,0,0,320
10_4_2025,Luna Clean Food Cafe,0,0,0,822
10_4_2025,Macabre Maven,0,0,0,159
10_4_2025,Mama D's Pickles and Jams,0,0,189,300
10_4_2025,Mike's Makes,0,0,0,505
10_4_2025,Muchos Tacos,0,0,10,2149
10_4_2025,the New Plate,0,0,0,419
10_4_2025,No Label Mushrooms,0,20,0,800
10_4_2025,Passion Gardens,1,27,0,200
10_4_2025,Purpose,0,0,0,628
10_4_2025,Quesadilla Factory,0,0,0,1640
10_4_2025,Remedy Design Shop,0,0,0,490
10_4_2025,Rocky Gutter Homestead,4,0,0,925
10_4_2025,Round Rock Honey,0,0,0,120
10_4_2025,Shar's Plants & Jewelry,0,0,0,290
10_4_2025,Sison Tacos,0,0,30,750
10_4_2025,Southern Sisters Soaps,0,0,0,400
10_4_2025,Super Blooms Flower Farm,0,0,0,475
10_4_2025,Sweet & Sourdough,0,0,0,458
10_4_2025,Symphony Candle Co.,0,0,0,200
10_4_2025,Tasty Amy's,10,0,0,538
10_4_2025,TLC Farms,0,0,0,560
10_4_2025,Tres Manos Coffee,0,0,0,560
10_4_2025,TruJamaica,0,0,15,359
10_4_2025,Valley Mills Vineyards,0,0,0,480
10_4_2025,Violette Bakery,10,0,10,595
10_4_2025,Yallatizers,0,0,0,1800
10_4_2025,Yield Here Farms,0,12,0,249
11_15_2025,Alili Bold Accessories,0,0,0,300
11_15_2025,Around the World Bakery,12,0,0,458
11_15_2025,Ary Land & Cattle,8,0,0,440
11_15_2025,ATX Jerky,28,0,10,1910
11_15_2025,Audrey's Pawstries,0,0,0,350
11_15_2025,Bonnet Farm,4,0,0,950
11_15_2025,Bud's Lemonade,0,0,5,697
11_15_2025,Brazos Valley Cheese,0,0,0,1684
11_15_2025,Broken Grain Baking Co.,4,7,0,2100
11_15_2025,C323 Woodworking,0,0,10,700
11_15_2025,Cha Community,0,0,25,632
11_15_2025,Chapultepec Farm,8,0,0,441
11_15_2025,Chef Flaco's Salsa,10,0,10,900
11_15_2025,Churros la Catrina,0,5,0,1000
11_15_2025,Copperhead Creek Jewelry,0,0,0,845
11_15_2025,Don't Eat Beads,0,0,0,240
11_15_2025,Dresden Specialty Meats,38,0,0,800
11_15_2025,Foundations Farm,0,0,0,836
11_15_2025,Fruits of Life,0,0,0,696
11_15_2025,Handmade Waco,0,0,0,530
11_15_2025,Hay Ewe Ranch LLC,14,0,0,118
11_15_2025,Heritage Coffee,0,0,0,825
11_15_2025,Heritage Food Crafters,7,0,0,1150
11_15_2025,Home Fries Cafe,0,0,0,770
11_15_2025,Honeymoon Farm,6,0,0,378
11_15_2025,Hutto Soap & Candle Co,0,0,0,386
11_15_2025,Iron Bridge Coffee,12,0,0,763
11_15_2025,JB Wood Crafts,0,0,0,500
11_15_2025,Kalbas Farms,15,5,0,671
11_15_2025,Katharos Baking Co,4,0,0,1400
11_15_2025,Kurbside Coffee,0,0,0,400
11_15_2025,La Frescura,0,0,10,450
11_15_2025,L'Atelier Fromager,0,0,0,668
11_15_2025,Le's Kitchen,0,0,0,725
11_15_2025,Luna Clean Food Cafe,51,0,0,915
11_15_2025,Macabre Maven,0,0,0,244
11_15_2025,Mama D's Pickles and Jams,18,0,338,500
11_15_2025,Mike's Makes,0,0,0,560
11_15_2025,Muchos Tacos,0,0,0,2496
11_15_2025,No Label Mushrooms,32,0,0,1200
11_15_2025,Norma's Florals,0,0,0,214
11_15_2025,Ohana Freeze Dried Market,0,0,0,628
11_15_2025,Peach is Good,15,0,0,1490
11_15_2025,Pink Cheeks Studio,0,0,0,206
11_15_2025,Purpose,0,0,0,986
11_15_2025,Quesadilla Factory,0,0,15,1425
11_15_2025,Rancho Martinez Kitchen,17,0,20,850
11_15_2025,Rocky Gutter Homestead,0,0,10,1085
11_15_2025,Round Rock Honey,48,0,0,425
11_15_2025,Shar's Plants & Jewelry,0,0,10,205
11_15_2025,Sison Tacos,0,0,10,600
11_15_2025,Southern Sisters Soaps,0,0,0,370
11_15_2025,The Spoonery,0,0,0,375
11_15_2025,Sweet & Sourdough,6,0,0,440
11_15_2025,Symphony Candle Co.,0,0,0,430
11_15_2025,TLC Farms,0,0,10,1200
11_15_2025,Tres Manos Coffee,0,10,0,436
11_15_2025,Valley Mills Vineyards,0,0,0,612
11_15_2025,Violette Bakery,0,0,0,500
11_15_2025,Whiskey Hill Turnings,0,0,0,637
11_15_2025,Yallatizers,0,0,0,600
11_15_2025,Yield Here Farms,0,0,0,160
11_15_2025,Zandartistry,0,0,0,400
11_1_2025,Alba's Pupusas,0,0,135,535
11_1_2025,Alili Bold Accessories,0,0,0,125
11_1_2025,Ary Land & Cattle,0,0,0,390
11_1_2025,ATX Jerky,0,0,0,1039
11_1_2025,Audrey's Pawstries,0,0,0,120
11_1_2025,Bonnet Farm,0,4,30,750
11_1_2025,Bud's Lemonade,0,0,0,154
11_1_2025,Brazos Valley Cheese,0,0,0,1810
11_1_2025,Broken Grain Baking Co.,9,0,0,1300
11_1_2025,C323 Woodworking,0,0,0,500
11_1_2025,Cha Community,0,0,0,482
11_1_2025,Chapultepec Farm,0,0,0,672.95
11_1_2025,Chef Flaco's Salsa,0,0,0,800
11_1_2025,Clay by Denae,0,0,0,707.46
11_1_2025,Copperhead Creek Jewelry,0,0,0,390
11_1_2025,Don't Eat Beads,0,0,0,150
11_1_2025,Dresden Specialty Meats,0,0,0,975
11_1_2025,Foundations Farm,0,0,0,340
11_1_2025,Fruits of Life,0,0,0,360
11_1_2025,Hay Ewe Ranch LLC,0,0,0,860
11_1_2025,Heritage Coffee,0,0,0,854.45
11_1_2025,Heritage Food Crafters,0,0,0,715
11_1_2025,Home Fries Cafe,0,0,0,520
11_1_2025,Honeymoon Farm,0,0,0,366
11_1_2025,Hutto Soap & Candle Co,0,0,0,180
11_1_2025,Iron Bridge Coffee,0,0,10,504
11_1_2025,Kalbas Farms,0,0,0,675
11_1_2025,Katharos Baking Co,0,0,0,1200
11_1_2025,Kurbside Coffee,0,0,0,383
11_1_2025,La Frescura,0,0,0,325
11_1_2025,L'Atelier Fromager,0,0,0,579
11_1_2025,Le MONADE,0,0,0,265
11_1_2025,Lightsey Farms,0,6,0,900
11_1_2025,Luna Clean Food Cafe,0,0,0,246
11_1_2025,Mama D's Pickles and Jams,0,0,154,300
11_1_2025,Mike's Makes,0,0,10,675
11_1_2025,Muchos Tacos,0,0,0,1396
11_1_2025,No Label Mushrooms,0,0,0,500
11_1_2025,Norma's Florals,0,0,0,294.67
11_1_2025,Ohana Freeze Dried Market,0,0,0,547.39
11_1_2025,Passion Gardens,6,17,10,100
11_1_2025,Purpose,0,0,0,497
11_1_2025,Quesadilla Factory,0,0,25,785
11_1_2025,Remedy Design Shop,0,0,0,0
11_1_2025,Rocky Gutter Homestead,0,0,0,890
11_1_2025,Round Rock Honey,0,0,0,300
11_1_2025,Shar's Plants & Jewelry,0,0,0,165
11_1_2025,Southern Sisters Soaps,0,0,0,789
11_1_2025,Symphony Candle Co.,0,0,0,260
11_1_2025,TLC Farms,0,0,0,400
11_1_2025,TruJamaica,0,0,0,175
11_1_2025,Urban Reap,0,0,0,274.5
11_1_2025,Valley Mills Vineyards,0,0,0,537.94
11_1_2025,Yallatizers,0,0,0,1400
11_1_2025,Yield Here Farms,0,0,0,156
11_22_2025,Alili Bold Accessories,0,0,0,95
11_22_2025,Around the World Bakery,21,0,0,470
11_22_2025,Ary Land & Cattle,0,0,20,390
11_22_2025,ATX Jerky,12,0,0,1729
11_22_2025,Audrey's Pawstries,0,0,0,200
11_22_2025,Barking Mutt Bakery,0,0,0,217.34
11_22_2025,Bonnet Farm,17,77,20,1150
11_22_2025,Bud's Lemonade,0,0,10,547
11_22_2025,Brazos Valley Cheese,0,0,0,2050
11_22_2025,Broken Grain Baking Co.,40,0,0,2100
11_22_2025,C323 Woodworking,0,0,0,600
11_22_2025,Cha Community,0,0,0,850
11_22_2025,Chapultepec Farm,0,0,0,575
11_22_2025,Chef Flaco's Salsa,27,0,0,1000
11_22_2025,Churros la Catrina,12,0,5,900
11_22_2025,Clay by Denae,0,0,0,1578
11_22_2025,Don't Eat Beads,0,0,0,330
11_22_2025,Dresden Specialty Meats,0,0,0,1050
11_22_2025,Elisa Morse,0,0,0,630
11_22_2025,Foundations Farm,0,0,20,374
11_22_2025,Fruits of Life,0,0,0,358
11_22_2025,Handmade Waco,0,0,20,503
11_22_2025,Hay Ewe Ranch LLC,0,0,0,133
11_22_2025,Heritage Coffee,0,0,10,1063
11_22_2025,Heritage Food Crafters,0,0,0,885
11_22_2025,Home Fries Cafe,0,0,0,794
11_22_2025,Honeymoon Farm,3,1,20,422
11_22_2025,Hutto Soap & Candle Co,0,0,0,432
11_22_2025,Kalbas Farms,7,25,0,700
11_22_2025,Katharos Baking Co,10,0,0,1400
11_22_2025,Kurbside Coffee,0,0,0,494
11_22_2025,La Frescura,0,0,0,0
11_22_2025,L'Atelier Fromager,10,0,0,846
11_22_2025,Le's Kitchen,0,0,0,504
11_22_2025,Lula Mae's Cajun Cuisine,0,0,10,390
11_22_2025,Luna Clean Food Cafe,5,0,0,861
11_22_2025,Mike's Makes,0,0,0,650
11_22_2025,Muchos Tacos,0,0,0,2867
11_22_2025,the New Plate,26,0,0,600
11_22_2025,No Label Mushrooms,63,34,0,900
11_22_2025,Norma's Florals,0,0,0,312
11_22_2025,Ohana Freeze Dried Market,0,0,10,641
11_22_2025,Passion Gardens,15,5,10,200
11_22_2025,Peach is Good,42,33,0,1129
11_22_2025,Pink Cheeks Studio,0,0,0,588
11_22_2025,Purpose,0,0,0,909
11_22_2025,Quesadilla Factory,0,0,25,1435
11_22_2025,Rancho Martinez Kitchen,0,0,0,850
11_22_2025,Remedy Design Shop,0,0,0,650
11_22_2025,Rocky Gutter Homestead,8,0,25,1270
11_22_2025,Round Rock Honey,0,0,20,476
11_22_2025,Shar's Plants & Jewelry,0,0,0,268
11_22_2025,Sison Tacos,0,0,20,200
11_22_2025,Southern Sisters Soaps,0,0,0,512
11_22_2025,The Spoonery,0,0,0,465
11_22_2025,Sweet & Sourdough,0,0,0,447
11_22_2025,Symphony Candle Co.,0,0,0,625
11_22_2025,Tasty Amy's,10,0,0,638
11_22_2025,TLC Farms,0,0,0,900
11_22_2025,TruJamaica,0,0,5,366
11_22_2025,Urban Reap,0,0,0,390
11_22_2025,Valley Mills Vineyards,0,0,0,264
11_22_2025,Waco Downtown Farmers Market,0,0,0,462
11_22_2025,Whitestone Pastures,0,0,0,360
11_22_2025,Yallatizers,0,0,0,1400
11_22_2025,Yield Here Farms,0,8,0,164
11_22_2025,Zandartistry,0,0,0,280
11_29_2025,Alili Bold Accessories,0,0,0,240
11_29_2025,Around the World Bakery,29,0,5,624
11_29_2025,Ary Land & Cattle,0,0,0,410
11_29_2025,ATX Jerky,11,0,0,1242
11_29_2025,Audrey's Pawstries,0,0,10,95
11_29_2025,Bonnet Farm,0,25,24,450
11_29_2025,Bridge Troll Customs,0,0,0,80
11_29_2025,C323 Woodworking,0,0,5,700
11_29_2025,Cha Community,0,0,25,630
11_29_2025,Chef Flaco's Salsa,9,0,0,900
11_29_2025,Churros la Catrina,0,0,0,600
11_29_2025,Clay by Denae,0,0,0,789
11_29_2025,Copperhead Creek Jewelry,0,0,0,159
11_29_2025,Don't Eat Beads,0,0,0,228
11_29_2025,Dresden Specialty Meats,0,0,0,405
11_29_2025,Handmade Waco,0,0,0,330
11_29_2025,Hay Ewe Ranch LLC,0,0,0,72
11_29_2025,Heritage Food Crafters,0,0,0,960
11_29_2025,Home Fries Cafe,0,0,15,530
11_29_2025,Hutto Soap & Candle Co,0,0,0,348
11_29_2025,Iron Bridge Coffee,0,0,0,736
11_29_2025,Katharos Baking Co,5,0,15,900
11_29_2025,Kurbside Coffee,0,0,0,535
11_29_2025,Le's Kitchen,0,0,15,400
11_29_2025,Little Threads by Emily,0,0,0,535
11_29_2025,Mike's Makes,5,0,5,620
11_29_2025,No Label Mushrooms,0,0,0,700
11_29_2025,Ohana Freeze Dried Market,19,0,10,426
11_29_2025,Quesadilla Factory,0,0,0,1507
11_29_2025,Remedy Design Shop,0,0,0,375
11_29_2025,Round Rock Honey,4,0,0,300
11_29_2025,Shar's Plants & Jewelry,0,0,0,180
11_29_2025,Symphony Candle Co.,0,0,0,500
11_29_2025,TLC Farms,0,0,0,1260
11_29_2025,Tres Manos Coffee,0,0,20,425
11_29_2025,TruJamaica,0,0,0,203
11_29_2025,Urban Reap,0,25,0,233
11_29_2025,Valley Mills Vineyards,0,0,0,540
11_29_2025,Yallatizers,15,0,0,1000
11_29_2025,Yield Here Farms,0,31,0,104
11_8_2025,Alba's Pupusas,0,0,156,556
11_8_2025,Alili Bold Accessories,0,0,0,210
11_8_2025,Ary Land & Cattle,2,0,0,270
11_8_2025,ATX Jerky,0,0,10,1564
11_8_2025,Audrey's Pawstries,0,0,0,300
11_8_2025,Bonnet Farm,0,17,0,900
11_8_2025,Bud's Lemonade,0,0,0,932
11_8_2025,Brazos Valley Cheese,0,0,0,1561
11_8_2025,Broken Grain Baking Co.,0,0,0,2400
11_8_2025,Cha Community,0,0,15,964
11_8_2025,Chapultepec Farm,52,0,20,1130
11_8_2025,Chef Flaco's Salsa,0,0,0,1000
11_8_2025,Churros la Catrina,0,0,0,1000
11_8_2025,Copperhead Creek Jewelry,0,0,0,120
11_8_2025,Designs with Jamie,0,0,0,950
11_8_2025,Don't Eat Beads,0,0,0,359
11_8_2025,Dresden Specialty Meats,8,0,0,525
11_8_2025,Foundations Farm,30,0,0,300
11_8_2025,Fruits of Life,0,0,0,326
11_8_2025,Handmade Waco,0,0,0,340
11_8_2025,Hay Ewe Ranch LLC,0,0,1,195
11_8_2025,Heritage Coffee,0,0,0,847
11_8_2025,Heritage Food Crafters,0,0,0,1300
11_8_2025,Home Fries Cafe,0,0,0,442
11_8_2025,Honeymoon Farm,15,4,13,497
11_8_2025,Hutto Soap & Candle Co,0,0,0,179
11_8_2025,Katharos Baking Co,0,0,10,1200
11_8_2025,Kurbside Coffee,0,0,0,650
11_8_2025,La Frescura,0,0,6,275
11_8_2025,L'Atelier Fromager,0,0,0,971
11_8_2025,Little Threads by Emily,0,0,0,620
11_8_2025,Luna Clean Food Cafe,0,0,0,1076
11_8_2025,Mama D's Pickles and Jams,7,0,267,500
11_8_2025,Mike's Makes,10,0,0,775
11_8_2025,Muchos Tacos,0,0,0,1941
11_8_2025,the New Plate,0,0,0,366
11_8_2025,No Label Mushrooms,0,53,0,700
11_8_2025,Norma's Florals,0,0,0,330
11_8_2025,Ohana Freeze Dried Market,0,0,0,629
11_8_2025,Passion Gardens,0,0,0,150
11_8_2025,Peach is Good,6,42,5,1280
11_8_2025,Purpose,0,0,0,720
11_8_2025,Quesadilla Factory,0,0,0,1275
11_8_2025,Rancho Martinez Kitchen,0,0,0,849
11_8_2025,Remedy Design Shop,0,0,50,850
11_8_2025,Rocky Gutter Homestead,0,0,20,1154
11_8_2025,Round Rock Honey,0,0,0,300
11_8_2025,Shar's Plants & Jewelry,0,0,0,193
11_8_2025,Sison Tacos,0,0,5,800
11_8_2025,Southern Sisters Soaps,0,0,0,651
11_8_2025,Sweet & Sourdough,0,0,10,404
11_8_2025,Symphony Candle Co.,0,0,0,340
11_8_2025,Tasty Amy's,0,0,0,855
11_8_2025,TLC Farms,0,0,15,1000
11_8_2025,Tres Manos Coffee,0,0,0,312
11_8_2025,TruJamaica,0,0,0,404
11_8_2025,Valley Mills Vineyards,0,0,0,612
11_8_2025,Whitestone Pastures,0,0,0,684
11_8_2025,Yallatizers,0,0,0,2100
11_8_2025,Yield Here Farms,0,0,0,168
12_13_2025,Ary Land & Cattle,0,0,0,500
12_13_2025,ATX Jerky,0,0,0,1332
12_13_2025,Audrey's Pawstries,0,0,0,200
12_13_2025,Bonnet Farm,0,110,0,1000
12_13_2025,Bud's Lemonade,0,0,0,520
12_13_2025,Brazos Valley Cheese,0,0,0,1700
12_13_2025,Bridge Troll Customs,0,0,0,305
12_13_2025,Broken Grain Baking Co.,27,0,0,2100
12_13_2025,C323 Woodworking,0,0,5,700
12_13_2025,Cha Community,0,0,10,904
12_13_2025,Chapultepec Farm,15,0,0,500
12_13_2025,Chef Flaco's Salsa,0,0,0,900
12_13_2025,Churros la Catrina,0,0,0,700
12_13_2025,Clay by Denae,0,0,0,670
12_13_2025,Copperhead Creek Jewelry,0,0,0,668
12_13_2025,Don't Eat Beads,0,0,0,500
12_13_2025,Dresden Specialty Meats,4,0,0,1050
12_13_2025,Emily Martinka Pottery,0,0,0,1354
12_13_2025,Foundations Farm,0,0,0,332
12_13_2025,Fruits of Life,0,0,0,185
12_13_2025,Handmade Waco,0,0,0,255
12_13_2025,Hay Ewe Ranch LLC,0,0,0,106
12_13_2025,Heritage Coffee,0,0,5,769
12_13_2025,Heritage Food Crafters,0,0,15,1000
12_13_2025,Home Fries Cafe,0,0,47,548
12_13_2025,Hutto Soap & Candle Co,0,0,0,210
12_13_2025,Iron Bridge Coffee,0,0,0,704
12_13_2025,Katharos Baking Co,0,0,0,1200
12_13_2025,Kurbside Coffee,0,0,0,510
12_13_2025,L'Atelier Fromager,0,0,0,664
12_13_2025,Le's Kitchen,0,0,0,365
12_13_2025,Little Bexar Farm,0,0,0,1900
12_13_2025,Little Threads by Emily,0,0,0,918
12_13_2025,Luna Clean Food Cafe,0,0,0,777
12_13_2025,Mama D's Pickles and Jams,0,0,243,400
12_13_2025,Mike's Makes,0,0,0,500
12_13_2025,Muchos Tacos,0,0,0,1862
12_13_2025,the New Plate,0,0,0,538
12_13_2025,Newton's Luxe Pantry,0,0,0,1130
12_13_2025,No Label Mushrooms,0,17,0,940
12_13_2025,Ohana Freeze Dried Market,0,0,0,540
12_13_2025,Peach is Good,15,0,0,847
12_13_2025,Purpose,0,0,0,956
12_13_2025,Quesadilla Factory,0,0,35,1051
12_13_2025,Rancho Martinez Kitchen,15,0,0,995
12_13_2025,Remedy Design Shop,0,0,0,650
12_13_2025,Rocky Gutter Homestead,0,0,0,1250
12_13_2025,Round Rock Honey,7,0,0,360
12_13_2025,Shar's Plants & Jewelry,0,0,15,115
12_13_2025,Southern Sisters Soaps,0,0,0,764
12_13_2025,Sweet & Sourdough,0,0,0,445
12_13_2025,Symphony Candle Co.,0,0,0,525
12_13_2025,Tasty Amy's,0,0,0,628
12_13_2025,TLC Farms,0,0,10,1900
12_13_2025,TruJamaica,0,0,0,366
12_13_2025,Urban Reap,0,6,5,562
12_13_2025,Valley Mills Vineyards,0,0,0,435
12_13_2025,Violette Bakery,0,0,0,500
12_13_2025,Waco Downtown Farmers Market,0,0,0,400
12_13_2025,Yallatizers,0,0,0,1305
12_13_2025,Yield Here Farms,0,0,0,212
12_20_2025,Around the World Bakery,0,0,0,740
12_20_2025,Ary Land & Cattle,0,0,0,328
12_20_2025,ATX Jerky,0,0,0,1030
12_20_2025,Barking Mutt Bakery,0,0,5,221
12_20_2025,Bonnet Farm,14,14,0,800
12_20_2025,Bud's Lemonade,0,0,0,520
12_20_2025,Brazos Valley Cheese,0,0,0,1755
12_20_2025,C323 Woodworking,0,0,0,600
12_20_2025,Cha Community,0,0,20,783
12_20_2025,Chapultepec Farm,13,0,0,655
12_20_2025,Chef Flaco's Salsa,9,0,0,850
12_20_2025,Churros la Catrina,0,0,0,1150
12_20_2025,Clay by Denae,0,0,0,754
12_20_2025,Copperhead Creek Jewelry,0,0,0,74
12_20_2025,Don't Eat Beads,0,0,0,246
12_20_2025,Dresden Specialty Meats,30,0,0,1400
12_20_2025,Foundations Farm,0,0,0,234
12_20_2025,Fruits of Life,0,0,0,338
12_20_2025,Handmade Waco,0,0,0,631
12_20_2025,Hay Ewe Ranch LLC,0,0,0,240
12_20_2025,Heritage Coffee,0,0,0,826
12_20_2025,Heritage Food Crafters,0,0,0,1060
12_20_2025,Home Fries Cafe,0,0,0,542
12_20_2025,Hutto Soap & Candle Co,0,0,0,579
12_20_2025,Iron Bridge Coffee,0,0,0,973
12_20_2025,Katharos Baking Co,0,0,0,800
12_20_2025,L'Atelier Fromager,0,0,0,1000
12_20_2025,Little Bexar Farm,0,0,0,1900
12_20_2025,Lula Mae's Cajun Cuisine,0,0,10,231
12_20_2025,Luna Clean Food Cafe,0,0,0,686
12_20_2025,Mama D's Pickles and Jams,7,0,201,270
12_20_2025,Mike's Makes,10,0,0,656
12_20_2025,Muchos Tacos,0,0,10,1690
12_20_2025,the New Plate,0,0,0,359
12_20_2025,No Label Mushrooms,0,0,0,1000
12_20_2025,Ohana Freeze Dried Market,0,0,0,282
12_20_2025,Passion Gardens,0,0,0,150
12_20_2025,Peach is Good,0,0,0,250
12_20_2025,Purpose,0,0,0,450
12_20_2025,Quesadilla Factory,0,0,0,1024
12_20_2025,Rancho Martinez Kitchen,0,0,0,900
12_20_2025,Remedy Design Shop,0,0,0,600
12_20_2025,Rocky Gutter Homestead,0,0,0,1150
12_20_2025,Round Rock Honey,0,0,0,334
12_20_2025,Shar's Plants & Jewelry,0,0,0,153
12_20_2025,Southern Sisters Soaps,0,0,0,537
12_20_2025,The Spoonery,0,0,0,330
12_20_2025,Sweet & Sourdough,0,0,0,445
12_20_2025,Symphony Candle Co.,0,0,0,560
12_20_2025,TLC Farms,0,0,0,950
12_20_2025,TruJamaica,0,0,0,276
12_20_2025,Valley Mills Vineyards,0,0,0,568
12_20_2025,Violette Bakery,0,0,0,355
12_20_2025,Yallatizers,0,0,0,1600
12_20_2025,Zandartistry,0,0,0,140
12_27_2025,Around the World Bakery,0,0,10,730
12_27_2025,Ary Land & Cattle,0,0,0,410
12_27_2025,Bud's Lemonade,0,0,0,275
12_27_2025,Cha Community,0,0,10,1093
12_27_2025,Chef Flaco's Salsa,1,0,0,800
12_27_2025,Churros la Catrina,0,0,0,725
12_27_2025,Copperhead Creek Jewelry,0,0,0,122
12_27_2025,Don't Eat Beads,0,0,0,139
12_27_2025,Fruits of Life,0,0,0,275
12_27_2025,Hay Ewe Ranch LLC,0,8,0,220
12_27_2025,Home Fries Cafe,0,0,0,504
12_27_2025,Hutto Soap & Candle Co,0,0,0,286
12_27_2025,Knots with Sofia,0,0,0,187
12_27_2025,Kurbside Coffee,0,0,15,582
12_27_2025,La Frescura,14,0,5,180
12_27_2025,L'Atelier Fromager,0,0,0,666
12_27_2025,Luna Clean Food Cafe,0,0,0,572
12_27_2025,Mike's Makes,30,0,0,636
12_27_2025,No Label Mushrooms,0,0,20,900
12_27_2025,Quesadilla Factory,0,0,17,1159
12_27_2025,Remedy Design Shop,0,0,0,400
12_27_2025,Rocky Gutter Homestead,8,0,0,675
12_27_2025,Round Rock Honey,0,0,0,500
12_27_2025,TLC Farms,0,0,0,650
12_27_2025,Valley Mills Vineyards,0,0,0,252
12_27_2025,Yallatizers,0,0,0,975
12_6_2025,Alili Bold Accessories,0,0,0,230
12_6_2025,Around the World Bakery,0,0,0,631
12_6_2025,Ary Land & Cattle,0,0,0,350
12_6_2025,ATX Jerky,0,0,0,1378
12_6_2025,Audrey's Pawstries,0,0,0,150
12_6_2025,Bonnet Farm,6,44,5,800
12_6_2025,Bud's Lemonade,0,0,10,323
12_6_2025,Brazos Valley Cheese,15,0,0,1890
12_6_2025,Broken Grain Baking Co.,9,0,0,2100
12_6_2025,Cha Community,0,0,15,723
12_6_2025,Chapultepec Farm,0,0,0,522
12_6_2025,Chef Flaco's Salsa,15,0,0,900
12_6_2025,Churros la Catrina,0,0,0,700
12_6_2025,Copperhead Creek Jewelry,0,0,0,32
12_6_2025,Don't Eat Beads,0,0,0,345
12_6_2025,Dresden Specialty Meats,0,0,0,550
12_6_2025,Foundations Farm,0,0,0,270
12_6_2025,Fruits of Life,0,0,0,316
12_6_2025,Hay Ewe Ranch LLC,0,0,0,56
12_6_2025,Heritage Coffee,0,0,5,700
12_6_2025,Heritage Food Crafters,0,0,5,990
12_6_2025,Home Fries Cafe,0,0,15,437
12_6_2025,Hutto Soap & Candle Co,0,0,0,513
12_6_2025,JB Wood Crafts,0,0,0,356
12_6_2025,Katharos Baking Co,0,0,0,1100
12_6_2025,Kurbside Coffee,0,0,15,512
12_6_2025,La Frescura,0,0,0,150
12_6_2025,L'Atelier Fromager,0,0,0,988
12_6_2025,Luna Clean Food Cafe,33,0,0,586
12_6_2025,Mama D's Pickles and Jams,14,0,257,350
12_6_2025,Mike's Makes,0,0,0,577
12_6_2025,Muchos Tacos,0,0,0,1173
12_6_2025,No Label Mushrooms,9,8,0,980
12_6_2025,Ohana Freeze Dried Market,0,0,0,269
12_6_2025,Peach is Good,0,41,0,790
12_6_2025,Pink Cheeks Studio,0,0,0,238
12_6_2025,Purpose,0,0,0,300
12_6_2025,Quesadilla Factory,0,0,45,1115
12_6_2025,Remedy Design Shop,0,0,0,350
12_6_2025,Rocky Gutter Homestead,0,0,25,990
12_6_2025,Round Rock Honey,0,0,0,871
12_6_2025,Shar's Plants & Jewelry,0,0,0,133
12_6_2025,Sison Tacos,0,0,0,600
12_6_2025,Southern Sisters Soaps,0,0,0,650
12_6_2025,Sweet & Sourdough,0,0,0,450
12_6_2025,Symphony Candle Co.,0,0,0,505
12_6_2025,Tasty Amy's,0,0,0,527
12_6_2025,TLC Farms,0,0,5,1125
12_6_2025,TruJamaica,0,0,15,941
12_6_2025,Valley Mills Vineyards,0,0,0,239
12_6_2025,Whiskey Hill Turnings,0,0,0,1068
12_6_2025,Whitestone Pastures,0,0,0,460
12_6_2025,Yallatizers,0,0,0,1200
12_6_2025,Yield Here Farms,0,8,0,200